Order,Family,Genus,Species,TL (m),M (kg),Prey W (g),Percent,Energy (kJ/g),Energy (kJ),E_divesurf_med,MR exponent,Total_Energy_in (J),Feeding_E_out (J),DiveSurf_E_out (J),Total_E_out (J),,,,,
Mysticeti,Balaenopteridae,Balaenoptera,physalus,20.2,47047,6000,0.5,2.94,17640,2.53,0.75,55706258,11328783,10684870,22013652,,,,,
Mysticeti,Balaenopteridae,Balaenoptera,physalus,20.2,47047,12900,3.7,2.94,37926,5.44,0.75,119768454,11328783,10684870,22013652,,,,,
Mysticeti,Balaenopteridae,Balaenoptera,physalus,20.2,47047,27840,8.3,2.94,81849.6,11.74,0.75,258477035,11328783,10684870,22013652,,,,,
Mysticeti,Balaenopteridae,Balaenoptera,physalus,20.2,47047,60000,13.9,2.94,176400,25.31,0.75,557062576,11328783,10684870,22013652,,,,,
Mysticeti,Balaenopteridae,Balaenoptera,physalus,20.2,47047,129240,24.7,2.94,379965.6,54.51,0.75,1199912788,11328783,10684870,22013652,,,,,
Mysticeti,Balaenopteridae,Balaenoptera,physalus,20.2,47047,278520,30.9,2.94,818848.8,117.47,0.75,2585884476,11328783,10684870,22013652,,,,,
Mysticeti,Balaenopteridae,Balaenoptera,physalus,20.2,47047,600000,18.0,2.94,1764000,253.05,0.75,5570625756,11328783,10684870,22013652,,,,,
Mysticeti,Balaenopteridae,Balaenoptera,musculus,25.2,97000,13400,1.0,2.94,39396,1.84,0.75,94858075,30250984,21377635,51628619,,,,,
Mysticeti,Balaenopteridae,Balaenoptera,musculus,25.2,97000,28810,3.3,2.94,84701.4,3.95,0.75,203944862,30250984,21377635,51628619,,,,,
Mysticeti,Balaenopteridae,Balaenoptera,musculus,25.2,97000,62176,8.2,2.94,182797.44,8.53,0.75,440141469,30250984,21377635,51628619,,,,,
Mysticeti,Balaenopteridae,Balaenoptera,musculus,25.2,97000,134000,17.0,2.94,393960,18.37,0.75,948580753,30250984,21377635,51628619,,,,,
Mysticeti,Balaenopteridae,Balaenoptera,musculus,25.2,97000,288636,28.8,2.94,848589.84,39.65,0.75,2043242942,30148405,21377635,51526040,,,,,
Mysticeti,Balaenopteridae,Balaenoptera,musculus,25.2,97000,622028,29.9,2.94,1828762.32,85.46,0.75,4403311855,30148405,21377635,51526040,,,,,
Mysticeti,Balaenopteridae,Balaenoptera,musculus,25.2,97000,1340000,11.8,2.94,3939600,184.10,0.75,9485807530,30148405,21377635,51526040,,,,,
Mysticeti,Balaenopteridae,Balaenoptera,bonarensis,7.8,7000,268,1.4,4.58,1227,1.66,0.75,4892215,1530430,1421659,2952089,,,,,
Mysticeti,Balaenopteridae,Balaenoptera,bonarensis,7.8,7000,576,28.2,4.58,2639,3.56,0.75,10518263,1530430,1421659,2952089,,,,,
Mysticeti,Balaenopteridae,Balaenoptera,bonarensis,7.8,7000,1244,27.3,4.58,5695,7.69,0.75,22699879,1530430,1421659,2952089,,,,,
Mysticeti,Balaenopteridae,Balaenoptera,bonarensis,7.8,7000,2680,35.7,4.58,12274,16.57,0.75,48922153,1530430,1421659,2952089,,,,,
Mysticeti,Balaenopteridae,Balaenoptera,bonarensis,7.8,7000,5773,7.4,4.58,26439,35.70,0.75,105378318,1530430,1421659,2952089,,,,,
Mysticeti,Balaenopteridae,Megaptera,novaeangliae,12.7,28000,1260,0.0,3.07,3869,0.92,0.75,6181326,3123266,3602230,6725496,,,,,
Mysticeti,Balaenopteridae,Megaptera,novaeangliae,12.7,28000,2740,1.3,3.07,8412,2.00,0.75,13437666,3123266,3602230,6725496,,,,,
Mysticeti,Balaenopteridae,Megaptera,novaeangliae,12.7,28000,5891,6.3,3.07,18085,4.30,0.75,28890981,3123266,3602230,6725496,,,,,
Mysticeti,Balaenopteridae,Megaptera,novaeangliae,12.7,28000,12714,12.5,3.07,39031,9.27,0.75,62350768,3123266,3602230,6725496,,,,,
Mysticeti,Balaenopteridae,Megaptera,novaeangliae,12.7,28000,27400,19.0,3.07,84118,19.98,0.75,134376655,3123266,3602230,6725496,,,,,
Mysticeti,Balaenopteridae,Megaptera,novaeangliae,12.7,28000,59020,27.1,3.07,181190,43.04,0.75,289447315,3123266,3602230,6725496,,,,,
Mysticeti,Balaenopteridae,Megaptera,novaeangliae,12.7,28000,127191,25.7,3.07,390476,92.75,0.75,623776433,3123266,3602230,6725496,,,,,
Mysticeti,Balaenopteridae,Megaptera,novaeangliae,12.7,28000,274000,8.2,3.07,841180,199.80,0.75,1343766550,3123266,3602230,6725496,,,,,
Mysticeti,Balaenopteridae,Balaenoptera,physalus,20.2,47047,6000,0.5,2.94,17640,3.97,0.68,55706258,9055985,4977594,14033578,,,,,
Mysticeti,Balaenopteridae,Balaenoptera,physalus,20.2,47047,12900,3.7,2.94,37926,8.53,0.68,119768454,9055985,4977594,14033578,,,,,
Mysticeti,Balaenopteridae,Balaenoptera,physalus,20.2,47047,27840,8.3,2.94,81849.6,18.42,0.68,258477035,9055985,4977594,14033578,,,,,
Mysticeti,Balaenopteridae,Balaenoptera,physalus,20.2,47047,60000,13.9,2.94,176400,39.69,0.68,557062576,9055985,4977594,14033578,,,,,
Mysticeti,Balaenopteridae,Balaenoptera,physalus,20.2,47047,129240,24.7,2.94,379965.6,85.50,0.68,1199912788,9055985,4977594,14033578,,,,,
Mysticeti,Balaenopteridae,Balaenoptera,physalus,20.2,47047,278520,30.9,2.94,818848.8,184.26,0.68,2585884476,9055985,4977594,14033578,,,,,
Mysticeti,Balaenopteridae,Balaenoptera,physalus,20.2,47047,600000,18.0,2.94,1764000,396.95,0.68,5570625756,9055985,4977594,14033578,,,,,
Mysticeti,Balaenopteridae,Balaenoptera,musculus,25.2,97000,13400,1.0,2.94,39396,2.80,0.68,94858075,24412040,9460168,33872208,,,,,
Mysticeti,Balaenopteridae,Balaenoptera,musculus,25.2,97000,28810,3.3,2.94,84701.4,6.02,0.68,203944862,24412040,9460168,33872208,,,,,
Mysticeti,Balaenopteridae,Balaenoptera,musculus,25.2,97000,62176,8.2,2.94,182797.44,12.99,0.68,440141469,24412040,9460168,33872208,,,,,
Mysticeti,Balaenopteridae,Balaenoptera,musculus,25.2,97000,134000,17.0,2.94,393960,28.00,0.68,948580753,24412040,9460168,33872208,,,,,
Mysticeti,Balaenopteridae,Balaenoptera,musculus,25.2,97000,288636,28.8,2.94,848589.84,60.40,0.68,2043242942,24366646,9460168,33826814,,,,,
Mysticeti,Balaenopteridae,Balaenoptera,musculus,25.2,97000,622028,29.9,2.94,1828762.32,130.17,0.68,4403311855,24366646,9460168,33826814,,,,,
Mysticeti,Balaenopteridae,Balaenoptera,musculus,25.2,97000,1340000,11.8,2.94,3939600,280.42,0.68,9485807530,24366646,9460168,33826814,,,,,
Mysticeti,Balaenopteridae,Balaenoptera,bonarensis,7.8,7000,268,1.4,4.58,1227,2.33,0.68,4892215,1345401,758217,2103619,,,,,
Mysticeti,Balaenopteridae,Balaenoptera,bonarensis,7.8,7000,576,28.2,4.58,2639,5.00,0.68,10518263,1345401,758217,2103619,,,,,
Mysticeti,Balaenopteridae,Balaenoptera,bonarensis,7.8,7000,1244,27.3,4.58,5695,10.79,0.68,22699879,1345401,758217,2103619,,,,,
Mysticeti,Balaenopteridae,Balaenoptera,bonarensis,7.8,7000,2680,35.7,4.58,12274,23.26,0.68,48922153,1345401,758217,2103619,,,,,
Mysticeti,Balaenopteridae,Balaenoptera,bonarensis,7.8,7000,5773,7.4,4.58,26439,50.09,0.68,105378318,1345401,758217,2103619,,,,,
Mysticeti,Balaenopteridae,Megaptera,novaeangliae,12.7,28000,1260,0.0,3.07,3869,1.55,0.68,6181326,2228225,1759018,3987243,,,,,
Mysticeti,Balaenopteridae,Megaptera,novaeangliae,12.7,28000,2740,1.3,3.07,8412,3.37,0.68,13437666,2228225,1759018,3987243,,,,,
Mysticeti,Balaenopteridae,Megaptera,novaeangliae,12.7,28000,5891,6.3,3.07,18085,7.25,0.68,28890981,2228225,1759018,3987243,,,,,
Mysticeti,Balaenopteridae,Megaptera,novaeangliae,12.7,28000,12714,12.5,3.07,39031,15.64,0.68,62350768,2228225,1759018,3987243,,,,,
Mysticeti,Balaenopteridae,Megaptera,novaeangliae,12.7,28000,27400,19.0,3.07,84118,33.70,0.68,134376655,2228225,1759018,3987243,,,,,
Mysticeti,Balaenopteridae,Megaptera,novaeangliae,12.7,28000,59020,27.1,3.07,181190,72.59,0.68,289447315,2228225,1759018,3987243,,,,,
Mysticeti,Balaenopteridae,Megaptera,novaeangliae,12.7,28000,127191,25.7,3.07,390476,156.44,0.68,623776433,2228225,1759018,3987243,,,,,
Mysticeti,Balaenopteridae,Megaptera,novaeangliae,12.7,28000,274000,8.2,3.07,841180,337.02,0.68,1343766550,2228225,1759018,3987243,,,,,
Mysticeti,Balaenopteridae,Balaenoptera,physalus,20.2,47047,6000,0.5,2.94,17640,5.38,0.61,55706258,8007180,2343917,10351097,,,,,
Mysticeti,Balaenopteridae,Balaenoptera,physalus,20.2,47047,12900,3.7,2.94,37926,11.57,0.61,119768454,8007180,2343917,10351097,,,,,
Mysticeti,Balaenopteridae,Balaenoptera,physalus,20.2,47047,27840,8.3,2.94,81849.6,24.97,0.61,258477035,8007180,2343917,10351097,,,,,
Mysticeti,Balaenopteridae,Balaenoptera,physalus,20.2,47047,60000,13.9,2.94,176400,53.82,0.61,557062576,8007180,2343917,10351097,,,,,
Mysticeti,Balaenopteridae,Balaenoptera,physalus,20.2,47047,129240,24.7,2.94,379965.6,115.92,0.61,1199912788,8007180,2343917,10351097,,,,,
Mysticeti,Balaenopteridae,Balaenoptera,physalus,20.2,47047,278520,30.9,2.94,818848.8,249.82,0.61,2585884476,8007180,2343917,10351097,,,,,
Mysticeti,Balaenopteridae,Balaenoptera,physalus,20.2,47047,600000,18.0,2.94,1764000,396.95,0.61,5570625756,9055985,4977594,14033578,,,,,
Mysticeti,Balaenopteridae,Balaenoptera,musculus,25.2,97000,13400,1.0,2.94,39396,3.64,0.61,94858075,21851840,4234721,26086561,,,,,
Mysticeti,Balaenopteridae,Balaenoptera,musculus,25.2,97000,28810,3.3,2.94,84701.4,7.82,0.61,203944862,21851840,4234721,26086561,,,,,
Mysticeti,Balaenopteridae,Balaenoptera,musculus,25.2,97000,62176,8.2,2.94,182797.44,16.87,0.61,440141469,21851840,4234721,26086561,,,,,
Mysticeti,Balaenopteridae,Balaenoptera,musculus,25.2,97000,134000,17.0,2.94,393960,36.36,0.61,948580753,21851840,4234721,26086561,,,,,
Mysticeti,Balaenopteridae,Balaenoptera,musculus,25.2,97000,288636,28.8,2.94,848589.84,78.39,0.61,2043242942,21831520,4234721,26066241,,,,,
Mysticeti,Balaenopteridae,Balaenoptera,musculus,25.2,97000,622028,29.9,2.94,1828762.32,168.93,0.61,4403311855,21831520,4234721,26066241,,,,,
Mysticeti,Balaenopteridae,Balaenoptera,musculus,25.2,97000,1340000,11.8,2.94,3939600,363.91,0.61,9485807530,21831520,4234721,26066241,,,,,
Mysticeti,Balaenopteridae,Balaenoptera,bonarensis,7.8,7000,268,1.4,4.58,1227,2.95,0.61,4892215,1247723,407978,1655701,,,,,
Mysticeti,Balaenopteridae,Balaenoptera,bonarensis,7.8,7000,576,28.2,4.58,2639,6.35,0.61,10518263,1247723,407978,1655701,,,,,
Mysticeti,Balaenopteridae,Balaenoptera,bonarensis,7.8,7000,1244,27.3,4.58,5695,13.71,0.61,22699879,1247723,407978,1655701,,,,,
Mysticeti,Balaenopteridae,Balaenoptera,bonarensis,7.8,7000,2680,35.7,4.58,12274,29.55,0.61,48922153,1247723,407978,1655701,,,,,
Mysticeti,Balaenopteridae,Balaenoptera,bonarensis,7.8,7000,5773,7.4,4.58,26439,63.65,0.61,105378318,1247723,407978,1655701,,,,,
Mysticeti,Balaenopteridae,Megaptera,novaeangliae,12.7,28000,1260,0.0,3.07,3869,2.33,0.61,6181326,1791164,858953,2650117,,,,,
Mysticeti,Balaenopteridae,Megaptera,novaeangliae,12.7,28000,2740,1.3,3.07,8412,5.07,0.61,13437666,1791164,858953,2650117,,,,,
Mysticeti,Balaenopteridae,Megaptera,novaeangliae,12.7,28000,5891,6.3,3.07,18085,10.90,0.61,28890981,1791164,858953,2650117,,,,,
Mysticeti,Balaenopteridae,Megaptera,novaeangliae,12.7,28000,12714,12.5,3.07,39031,23.53,0.61,62350768,1791164,858953,2650117,,,,,
Mysticeti,Balaenopteridae,Megaptera,novaeangliae,12.7,28000,27400,19.0,3.07,84118,50.71,0.61,134376655,1791164,858953,2650117,,,,,
Mysticeti,Balaenopteridae,Megaptera,novaeangliae,12.7,28000,59020,27.1,3.07,181190,109.22,0.61,289447315,1791164,858953,2650117,,,,,
Mysticeti,Balaenopteridae,Megaptera,novaeangliae,12.7,28000,127191,25.7,3.07,390476,235.38,0.61,623776433,1791164,858953,2650117,,,,,
Mysticeti,Balaenopteridae,Megaptera,novaeangliae,12.7,28000,274000,8.2,3.07,841180,507.06,0.61,1343766550,1791164,858953,2650117,,,,,
Mysticeti,Balaenopteridae,Balaenoptera,physalus,20.2,47047,6000,0.5,2.94,17640,7.27,0.45,55706258,7240671,419119,7659790,,,,,
Mysticeti,Balaenopteridae,Balaenoptera,physalus,20.2,47047,12900,3.7,2.94,37926,15.64,0.45,119768454,7240671,419119,7659790,,,,,
Mysticeti,Balaenopteridae,Balaenoptera,physalus,20.2,47047,27840,8.3,2.94,81849.6,33.74,0.45,258477035,7240671,419119,7659790,,,,,
Mysticeti,Balaenopteridae,Balaenoptera,physalus,20.2,47047,60000,13.9,2.94,176400,72.73,0.45,557062576,7240671,419119,7659790,,,,,
Mysticeti,Balaenopteridae,Balaenoptera,physalus,20.2,47047,129240,24.7,2.94,379965.6,156.65,0.45,1199912788,7240671,419119,7659790,,,,,
Mysticeti,Balaenopteridae,Balaenoptera,physalus,20.2,47047,278520,30.9,2.94,818848.8,337.59,0.45,2585884476,7240671,419119,7659790,,,,,
Mysticeti,Balaenopteridae,Balaenoptera,physalus,20.2,47047,600000,18.0,2.94,1764000,727.26,0.45,5570625756,7240671,419119,7659790,,,,,
Mysticeti,Balaenopteridae,Balaenoptera,musculus,25.2,97000,13400,1.0,2.94,39396,4.56,0.45,94858075,20107484,674437,20781921,,,,,
Mysticeti,Balaenopteridae,Balaenoptera,musculus,25.2,97000,28810,3.3,2.94,84701.4,9.81,0.45,203944862,20107484,674437,20781921,,,,,
Mysticeti,Balaenopteridae,Balaenoptera,musculus,25.2,97000,62176,8.2,2.94,182797.44,21.18,0.45,440141469,20107484,674437,20781921,,,,,
Mysticeti,Balaenopteridae,Balaenoptera,musculus,25.2,97000,134000,17.0,2.94,393960,45.64,0.45,948580753,20107484,674437,20781921,,,,,
Mysticeti,Balaenopteridae,Balaenoptera,musculus,25.2,97000,288636,28.8,2.94,848589.84,98.33,0.45,2043242942,20104248,674437,20778685,,,,,
Mysticeti,Balaenopteridae,Balaenoptera,musculus,25.2,97000,622028,29.9,2.94,1828762.32,211.91,0.45,4403311855,20104248,674437,20778685,,,,,
Mysticeti,Balaenopteridae,Balaenoptera,musculus,25.2,97000,1340000,11.8,2.94,3939600,456.52,0.45,9485807530,20104248,674437,20778685,,,,,
Mysticeti,Balaenopteridae,Balaenoptera,bonarensis,7.8,7000,268,1.4,4.58,1227,3.88,0.45,4892215,1161538,98951,1260489,,,,,
Mysticeti,Balaenopteridae,Balaenoptera,bonarensis,7.8,7000,576,28.2,4.58,2639,8.34,0.45,10518263,1161538,98951,1260489,,,,,
Mysticeti,Balaenopteridae,Balaenoptera,bonarensis,7.8,7000,1244,27.3,4.58,5695,18.01,0.45,22699879,1161538,98951,1260489,,,,,
Mysticeti,Balaenopteridae,Balaenoptera,bonarensis,7.8,7000,2680,35.7,4.58,12274,38.81,0.45,48922153,1161538,98951,1260489,,,,,
Mysticeti,Balaenopteridae,Balaenoptera,bonarensis,7.8,7000,5773,7.4,4.58,26439,83.60,0.45,105378318,1161538,98951,1260489,,,,,
Mysticeti,Balaenopteridae,Megaptera,novaeangliae,12.7,28000,1260,0.0,3.07,3869,3.81,0.45,6181326,1455106,166888,1621994,,,,,
Mysticeti,Balaenopteridae,Megaptera,novaeangliae,12.7,28000,2740,1.3,3.07,8412,8.28,0.45,13437666,1455106,166888,1621994,,,,,
Mysticeti,Balaenopteridae,Megaptera,novaeangliae,12.7,28000,5891,6.3,3.07,18085,17.81,0.45,28890981,1455106,166888,1621994,,,,,
Mysticeti,Balaenopteridae,Megaptera,novaeangliae,12.7,28000,12714,12.5,3.07,39031,38.44,0.45,62350768,1455106,166888,1621994,,,,,
Mysticeti,Balaenopteridae,Megaptera,novaeangliae,12.7,28000,27400,19.0,3.07,84118,82.85,0.45,134376655,1455106,166888,1621994,,,,,
Mysticeti,Balaenopteridae,Megaptera,novaeangliae,12.7,28000,59020,27.1,3.07,181190,178.45,0.45,289447315,1455106,166888,1621994,,,,,
Mysticeti,Balaenopteridae,Megaptera,novaeangliae,12.7,28000,127191,25.7,3.07,390476,384.57,0.45,623776433,1455106,166888,1621994,,,,,
Mysticeti,Balaenopteridae,Megaptera,novaeangliae,12.7,28000,274000,8.2,3.07,841180,828.47,0.45,1343766550,1455106,166888,1621994,,,,,
Odontoceti,Ziphiidae,Berardius,bairdii,10.5,11900,915,36.0,1.67,1531.7,0.83,0.75,42329471,1856190,48920352,50776542,,,,,
Odontoceti,Ziphiidae,Berardius,bairdii,10.5,11900,456,0.4,1.67,763.2,0.42,0.75,21090734,1856190,48920352,50776542,,,,,
Odontoceti,Ziphiidae,Berardius,bairdii,10.5,11900,944,0.4,1.67,1579.9,0.86,0.75,43661519,1856190,48920352,50776542,,,,,
Odontoceti,Ziphiidae,Berardius,bairdii,10.5,11900,661,31.1,1.67,1106.8,0.60,0.75,30586394,1856190,48920352,50776542,,,,,
Odontoceti,Ziphiidae,Berardius,bairdii,10.5,11900,480,0.4,1.67,803.3,0.44,0.75,22200773,1856190,48920352,50776542,,,,,
Odontoceti,Ziphiidae,Berardius,bairdii,10.5,11900,19,1.1,2.31,43.9,0.02,0.75,1212944,1856190,48920352,50776542,,,,,
Odontoceti,Ziphiidae,Berardius,bairdii,10.5,11900,89,0.1,3.08,274.5,0.15,0.75,7584879,1856190,48920352,50776542,,,,,
Odontoceti,Ziphiidae,Berardius,bairdii,10.5,11900,123,0.3,4.53,555.4,0.30,0.75,15348947,1856190,48920352,50776542,,,,,
Odontoceti,Ziphiidae,Berardius,bairdii,10.5,11900,191,21.3,3.78,723.7,0.39,0.75,19999165,1856190,48920352,50776542,,,,,
Odontoceti,Ziphiidae,Berardius,bairdii,10.5,11900,152,0.2,2.65,401.9,0.22,0.75,11108172,1856190,48920352,50776542,,,,,
Odontoceti,Ziphiidae,Berardius,bairdii,10.5,11900,14516,0.0,2.65,38468.0,6.96,0.75,1063102736,103767511,48920352,152687863,,,,,
Odontoceti,Ziphiidae,Berardius,bairdii,10.5,11900,118,0.5,4.01,473.5,0.26,0.75,13086736,1856190,48920352,50776542,,,,,
Odontoceti,Ziphiidae,Berardius,bairdii,10.5,11900,38,0.1,2.31,88.6,0.05,0.75,2447743,1856190,48920352,50776542,,,,,
Odontoceti,Ziphiidae,Berardius,bairdii,10.5,11900,41,1.8,1.82,74.2,0.04,0.75,2051710,1856190,48920352,50776542,,,,,
Odontoceti,Ziphiidae,Berardius,bairdii,10.5,11900,107,6.1,1.69,180.4,0.10,0.75,4986724,1856190,48920352,50776542,,,,,
Odontoceti,Ziphiidae,Berardius,bairdii,10.5,11900,267,0.1,2.31,617.0,0.34,0.75,17051704,1856190,48920352,50776542,,,,,
Odontoceti,Ziphiidae,Berardius,bairdii,10.5,11900,280,0.1,3.42,959.3,0.52,0.75,26510220,1856190,48920352,50776542,,,,,
Odontoceti,Ziphiidae,Berardius,bairdii,10.5,11900,552,0.0,2.88,1588.8,0.86,0.75,43908990,1856190,48920352,50776542,,,,,
Odontoceti,Ziphiidae,Berardius,bairdii,10.5,11900,6800,0.0,2.88,19584.0,3.54,0.75,541223424,103767511,48920352,152687863,,,,,
Odontoceti,Delphinidae,Globicephala,melas,5,1200,50,10.0,4.01,200.5,0.76,0.75,1266518,64883,1591519,1656402,,,,,
Odontoceti,Delphinidae,Globicephala,melas,5,1200,150,17.3,4.01,601.5,2.29,0.75,3799555,64883,1591519,1656402,,,,,
Odontoceti,Delphinidae,Globicephala,melas,5,1200,250,12.0,4.01,1002.5,3.82,0.75,6332592,64883,1591519,1656402,,,,,
Odontoceti,Delphinidae,Globicephala,melas,5,1200,350,7.3,4.01,1403.5,5.35,0.75,8865629,64883,1591519,1656402,,,,,
Odontoceti,Delphinidae,Globicephala,melas,5,1200,450,13.3,4.01,1804.5,6.88,0.75,11398666,64883,1591519,1656402,,,,,
Odontoceti,Delphinidae,Globicephala,melas,5,1200,550,13.3,4.01,2205.5,8.41,0.75,13931702,64883,1591519,1656402,,,,,
Odontoceti,Delphinidae,Globicephala,melas,5,1200,650,10.0,4.01,2606.5,9.94,0.75,16464739,64883,1591519,1656402,,,,,
Odontoceti,Delphinidae,Globicephala,melas,5,1200,750,4.7,4.01,3007.5,11.47,0.75,18997776,64883,1591519,1656402,,,,,
Odontoceti,Delphinidae,Globicephala,melas,5,1200,850,4.7,4.01,3408.5,13.00,0.75,21530813,64883,1591519,1656402,,,,,
Odontoceti,Delphinidae,Globicephala,melas,5,1200,950,4.7,4.01,3809.5,14.53,0.75,24063850,64883,1591519,1656402,,,,,
Odontoceti,Delphinidae,Globicephala,melas,5,1200,1050,2.0,4.01,4210.5,13.46,0.75,26596886,384994,1591519,1976513,,,,,
Odontoceti,Delphinidae,Globicephala,melas,5,1200,1150,0.7,4.01,4611.5,14.74,0.75,29129923,384994,1591519,1976513,,,,,
Odontoceti,Delphinidae,Globicephala,macrorhynchus,4.3,980,50,10.0,4.01,200.5,0.41,0.75,791574,271526,1638431,1909957,,,,,
Odontoceti,Delphinidae,Globicephala,macrorhynchus,4.3,980,150,17.3,4.01,601.5,1.24,0.75,2374722,271526,1638431,1909957,,,,,
Odontoceti,Delphinidae,Globicephala,macrorhynchus,4.3,980,250,12.0,4.01,1002.5,2.07,0.75,3957870,271526,1638431,1909957,,,,,
Odontoceti,Delphinidae,Globicephala,macrorhynchus,4.3,980,350,7.3,4.01,1403.5,2.90,0.75,5541018,271526,1638431,1909957,,,,,
Odontoceti,Delphinidae,Globicephala,macrorhynchus,4.3,980,450,13.3,4.01,1804.5,3.73,0.75,7124166,271526,1638431,1909957,,,,,
Odontoceti,Delphinidae,Globicephala,macrorhynchus,4.3,980,550,13.3,4.01,2205.5,4.56,0.75,8707314,271526,1638431,1909957,,,,,
Odontoceti,Delphinidae,Globicephala,macrorhynchus,4.3,980,650,10.0,4.01,2606.5,5.39,0.75,10290462,271526,1638431,1909957,,,,,
Odontoceti,Delphinidae,Globicephala,macrorhynchus,4.3,980,750,4.7,4.01,3007.5,6.22,0.75,11873610,271526,1638431,1909957,,,,,
Odontoceti,Delphinidae,Globicephala,macrorhynchus,4.3,980,850,4.7,4.01,3408.5,7.05,0.75,13456758,271526,1638431,1909957,,,,,
Odontoceti,Delphinidae,Globicephala,macrorhynchus,4.3,980,950,4.7,4.01,3809.5,7.87,0.75,15039906,271526,1638431,1909957,,,,,
Odontoceti,Delphinidae,Globicephala,macrorhynchus,4.3,980,1050,2.0,4.01,4210.5,8.70,0.75,16623054,271526,1638431,1909957,,,,,
Odontoceti,Delphinidae,Globicephala,macrorhynchus,4.3,980,1150,0.7,4.01,4611.5,9.53,0.75,18206202,271526,1638431,1909957,,,,,
Odontoceti,Delphinidae,Grampus,griseus,3,350,164,9.1,2.31,379.0,5.86,0.75,1197062,4410,200001,204411,,,,,
Odontoceti,Delphinidae,Grampus,griseus,3,350,24,3.6,2.65,63.7,0.98,0.75,201337,4410,200001,204411,,,,,
Odontoceti,Delphinidae,Grampus,griseus,3,350,104,78.2,2.65,276.8,4.28,0.75,874276,4410,200001,204411,,,,,
Odontoceti,Delphinidae,Grampus,griseus,3,350,160,7.3,4.01,639.9,9.89,0.75,2021006,4410,200001,204411,,,,,
Odontoceti,Delphinidae,Grampus,griseus,3,350,35,1.8,2.65,92.2,1.43,0.75,291328,4410,200001,204411,,,,,
Odontoceti,Ziphiidae,Mesoplodon,densirostris,4.1,860,122,42.9,1.69,206.6,0.45,0.75,4078231,35893,8932408,8968301,,,,,
Odontoceti,Ziphiidae,Mesoplodon,densirostris,4.1,860,57,42.9,2.65,151.5,0.33,0.75,2989866,35893,8932408,8968301,,,,,
Odontoceti,Ziphiidae,Mesoplodon,densirostris,4.1,860,248,14.3,3.08,763.4,1.68,0.75,15068653,35893,8932408,8968301,,,,,
Odontoceti,Delphinidae,Orcinus,orca,6,3000,275,1.9,5.63,1548,0.50,0.75,3666785,2347258,4975149,7322407,,,,,
Odontoceti,Delphinidae,Orcinus,orca,6,3000,284,0.5,4.58,1303,0.42,0.75,3086766,2347258,4975149,7322407,,,,,
Odontoceti,Delphinidae,Orcinus,orca,6,3000,426,2.0,4.57,1945,0.63,0.75,4608222,2347258,4975149,7322407,,,,,
Odontoceti,Delphinidae,Orcinus,orca,6,3000,567,12.5,4.57,2588,0.84,0.75,6129678,2347258,4975149,7322407,,,,,
Odontoceti,Delphinidae,Orcinus,orca,6,3000,708,20.0,4.56,3230,1.04,0.75,7651134,2347258,4975149,7322407,,,,,
Odontoceti,Delphinidae,Orcinus,orca,6,3000,775,4.7,5.74,4445,1.44,0.75,10530253,2347258,4975149,7322407,,,,,
Odontoceti,Delphinidae,Orcinus,orca,6,3000,849,12.5,4.56,3872,1.25,0.75,9172590,2347258,4975149,7322407,,,,,
Odontoceti,Delphinidae,Orcinus,orca,6,3000,990,2.0,4.56,4515,1.46,0.75,10694046,2347258,4975149,7322407,,,,,
Odontoceti,Delphinidae,Orcinus,orca,6,3000,1132,0.5,4.56,5157,1.67,0.75,12215502,2347258,4975149,7322407,,,,,
Odontoceti,Delphinidae,Orcinus,orca,6,3000,2125,21.7,5.86,12445,4.03,0.75,29480446,2347258,4975149,7322407,,,,,
Odontoceti,Delphinidae,Orcinus,orca,6,3000,3325,18.9,5.98,19893,6.44,0.75,47123370,2347258,4975149,7322407,,,,,
Odontoceti,Delphinidae,Orcinus,orca,6,3000,3425,2.9,6.24,21385,6.92,0.75,50655919,2347258,4975149,7322407,,,,,
Odontoceti,Phocoenidae,Phocoaena,Phocaena,1.4,33,2,78.0,4.42,10.5,3.39,0.75,24974,530,6828,7358,,,,,
Odontoceti,Phocoenidae,Phocoaena,Phocaena,1.4,33,5,13.8,4.79,22.7,6.97,0.75,53777,888,6828,7716,,,,,
Odontoceti,Phocoenidae,Phocoaena,Phocaena,1.4,33,19,4.9,5.55,103.4,28.94,0.75,244955,1635,6828,8463,,,,,
Odontoceti,Phocoenidae,Phocoaena,Phocaena,1.4,33,73,2.4,6.30,462.3,118.65,0.75,1095139,2402,6828,9230,,,,,
Odontoceti,Phocoenidae,Phocoaena,Phocaena,1.4,33,289,0.8,7.06,2037.3,482.27,0.75,4825937,3178,6828,10007,,,,,
Odontoceti,Physeteridae,Physter,macrocephalus,12.3,19300,24000,0.3,2.65,63600.0,1.69,0.75,50218560,714635,28917625,29632260,,,,,
Odontoceti,Physeteridae,Physter,macrocephalus,12.3,19300,8000,4.9,4.01,32080.0,7.01,0.75,278634048,7860986,31882011,39742997,,,,,
Odontoceti,Physeteridae,Physter,macrocephalus,12.3,19300,2000,0.6,4.01,8020.0,1.75,0.75,69658512,7860986,31882011,39742997,,,,,
Odontoceti,Physeteridae,Physter,macrocephalus,12.3,19300,1700,2.1,3.78,6426.0,1.40,0.75,55813666,7860986,31882011,39742997,,,,,
Odontoceti,Physeteridae,Physter,macrocephalus,12.3,19300,1000,0.4,2.31,2310.0,0.50,0.75,20063736,7860986,31882011,39742997,,,,,
Odontoceti,Physeteridae,Physter,macrocephalus,12.3,19300,1000,0.0,2.65,2650.0,0.58,0.75,23016840,7860986,31882011,39742997,,,,,
Odontoceti,Physeteridae,Physter,macrocephalus,12.3,19300,1000,21.0,3.08,3080.0,0.67,0.75,26751648,7860986,31882011,39742997,,,,,
Odontoceti,Physeteridae,Physter,macrocephalus,12.3,19300,1000,29.6,2.65,2650.0,0.58,0.75,23016840,7860986,31882011,39742997,,,,,
Odontoceti,Physeteridae,Physter,macrocephalus,12.3,19300,800,9.4,2.31,1848.0,0.50,0.75,16050989,307878,31882011,32189889,,,,,
Odontoceti,Physeteridae,Physter,macrocephalus,12.3,19300,700,1.1,2.31,1617.0,0.44,0.75,14044615,307878,31882011,32189889,,,,,
Odontoceti,Physeteridae,Physter,macrocephalus,12.3,19300,600,21.0,4.53,2718.0,0.73,0.75,23607461,307878,31882011,32189889,,,,,
Odontoceti,Physeteridae,Physter,macrocephalus,12.3,19300,500,1.4,2.31,1155.0,0.31,0.75,10031868,307878,31882011,32189889,,,,,
Odontoceti,Physeteridae,Physter,macrocephalus,12.3,19300,500,0.0,3.77,1885.0,0.51,0.75,16372356,307878,31882011,32189889,,,,,
Odontoceti,Physeteridae,Physter,macrocephalus,12.3,19300,300,0.1,2.31,693.0,0.19,0.75,6019121,307878,31882011,32189889,,,,,
Odontoceti,Physeteridae,Physter,macrocephalus,12.3,19300,200,0.3,3.78,756.0,0.20,0.75,6566314,307878,31882011,32189889,,,,,
Odontoceti,Physeteridae,Physter,macrocephalus,12.3,19300,200,4.9,1.69,338.0,0.09,0.75,2935733,307878,31882011,32189889,,,,,
Odontoceti,Physeteridae,Physter,macrocephalus,12.3,19300,100,0.6,2.31,231.0,0.06,0.75,2006374,307878,31882011,32189889,,,,,
Odontoceti,Physeteridae,Physter,macrocephalus,12.3,19300,800,2.1,2.65,2310.0,0.57,0.75,18413472,307878,31882011,32189889,,,,,
Odontoceti,Ziphiidae,Ziphius,cavirostris,6.6,2900,46,0.0,2.31,106,0.11,0.75,2936601,1438146,25041540,26479687,,,,,
Odontoceti,Ziphiidae,Ziphius,cavirostris,6.6,2900,1183,0.0,2.31,2733,2.85,0.75,75521726,1438146,25041540,26479687,,,,,
Odontoceti,Ziphiidae,Ziphius,cavirostris,6.6,2900,154,16.8,3.08,474,0.50,0.75,13108308,1438146,25041540,26479687,,,,,
Odontoceti,Ziphiidae,Ziphius,cavirostris,6.6,2900,631,0.1,4.53,2859,2.98,0.75,79004239,1438146,25041540,26479687,,,,,
Odontoceti,Ziphiidae,Ziphius,cavirostris,6.6,2900,259,30.5,3.78,1197,1.25,0.75,33081844,1438146,25041540,26479687,,,,,
Odontoceti,Ziphiidae,Ziphius,cavirostris,6.6,2900,64,4.8,2.65,490,0.51,0.75,13555147,1438146,25041540,26479687,,,,,
Odontoceti,Ziphiidae,Ziphius,cavirostris,6.6,2900,1675,1.2,4.01,3766,3.93,0.75,104085398,1438146,25041540,26479687,,,,,
Odontoceti,Ziphiidae,Ziphius,cavirostris,6.6,2900,2257,0.8,3.78,3134,3.27,0.75,86600722,1438146,25041540,26479687,,,,,
Odontoceti,Ziphiidae,Ziphius,cavirostris,6.6,2900,1729,0.0,3.08,5325,5.56,0.75,147170544,1438146,25041540,26479687,,,,,
Odontoceti,Ziphiidae,Ziphius,cavirostris,6.6,2900,802,0.0,2.31,1853,1.93,0.75,51199006,1438146,25041540,26479687,,,,,
Odontoceti,Ziphiidae,Ziphius,cavirostris,6.6,2900,221,0.6,2.31,510,0.53,0.75,14105826,1438146,25041540,26479687,,,,,
Odontoceti,Ziphiidae,Ziphius,cavirostris,6.6,2900,272,4.2,1.82,183,0.19,0.75,5047214,1438146,25041540,26479687,,,,,
Odontoceti,Ziphiidae,Ziphius,cavirostris,6.6,2900,79,32.3,1.69,138,0.14,0.75,3807902,1438146,25041540,26479687,,,,,
Odontoceti,Ziphiidae,Ziphius,cavirostris,6.6,2900,181,8.8,2.31,418,0.44,0.75,11554888,1438146,25041540,26479687,,,,,
Odontoceti,Ziphiidae,Ziphius,cavirostris,6.6,2900,87,0.0,3.77,328,0.34,0.75,9064332,1438146,25041540,26479687,,,,,
Odontoceti,Ziphiidae,Ziphius,cavirostris,6.6,2900,65,0.0,3.77,244,0.25,0.75,6751364,1438146,25041540,26479687,,,,,
Odontoceti,Ziphiidae,Berardius,bairdii,10.5,11900,915,36.0,1.67,1531.7,1.56,0.68,42329471,1802379,25363039,27165418,,,,,
Odontoceti,Ziphiidae,Berardius,bairdii,10.5,11900,456,0.4,1.67,763.2,0.78,0.68,21090734,1802379,25363039,27165418,,,,,
Odontoceti,Ziphiidae,Berardius,bairdii,10.5,11900,944,0.4,1.67,1579.9,1.61,0.68,43661519,1802379,25363039,27165418,,,,,
Odontoceti,Ziphiidae,Berardius,bairdii,10.5,11900,661,31.1,1.67,1106.8,1.13,0.68,30586394,1802379,25363039,27165418,,,,,
Odontoceti,Ziphiidae,Berardius,bairdii,10.5,11900,480,0.4,1.67,803.3,0.82,0.68,22200773,1802379,25363039,27165418,,,,,
Odontoceti,Ziphiidae,Berardius,bairdii,10.5,11900,19,1.1,2.31,43.9,0.04,0.68,1212944,1802379,25363039,27165418,,,,,
Odontoceti,Ziphiidae,Berardius,bairdii,10.5,11900,89,0.1,3.08,274.5,0.28,0.68,7584879,1802379,25363039,27165418,,,,,
Odontoceti,Ziphiidae,Berardius,bairdii,10.5,11900,123,0.3,4.53,555.4,0.57,0.68,15348947,1802379,25363039,27165418,,,,,
Odontoceti,Ziphiidae,Berardius,bairdii,10.5,11900,191,21.3,3.78,723.7,0.74,0.68,19999165,1802379,25363039,27165418,,,,,
Odontoceti,Ziphiidae,Berardius,bairdii,10.5,11900,152,0.2,2.65,401.9,0.41,0.68,11108172,1802379,25363039,27165418,,,,,
Odontoceti,Ziphiidae,Berardius,bairdii,10.5,11900,14516,0.0,2.65,38468.0,8.23,0.68,1063102736,103754058,25363039,129117097,,,,,
Odontoceti,Ziphiidae,Berardius,bairdii,10.5,11900,118,0.5,4.01,473.5,0.48,0.68,13086736,1802379,25363039,27165418,,,,,
Odontoceti,Ziphiidae,Berardius,bairdii,10.5,11900,38,0.1,2.31,88.6,0.09,0.68,2447743,1802379,25363039,27165418,,,,,
Odontoceti,Ziphiidae,Berardius,bairdii,10.5,11900,41,1.8,1.82,74.2,0.08,0.68,2051710,1802379,25363039,27165418,,,,,
Odontoceti,Ziphiidae,Berardius,bairdii,10.5,11900,107,6.1,1.69,180.4,0.18,0.68,4986724,1802379,25363039,27165418,,,,,
Odontoceti,Ziphiidae,Berardius,bairdii,10.5,11900,267,0.1,2.31,617.0,0.63,0.68,17051704,1802379,25363039,27165418,,,,,
Odontoceti,Ziphiidae,Berardius,bairdii,10.5,11900,280,0.1,3.42,959.3,0.98,0.68,26510220,1802379,25363039,27165418,,,,,
Odontoceti,Ziphiidae,Berardius,bairdii,10.5,11900,552,0.0,2.88,1588.8,1.62,0.68,43908990,1802379,25363039,27165418,,,,,
Odontoceti,Ziphiidae,Berardius,bairdii,10.5,11900,6800,0.0,2.88,19584.0,4.19,0.68,541223424,103754058,25363039,129117097,,,,,
Odontoceti,Delphinidae,Globicephala,melas,5,1200,50,10.0,4.01,200.5,1.22,0.68,1266518,64287,968878,1033165,,,,,
Odontoceti,Delphinidae,Globicephala,melas,5,1200,150,17.3,4.01,601.5,3.65,0.68,3799555,64287,968878,1033165,,,,,
Odontoceti,Delphinidae,Globicephala,melas,5,1200,250,12.0,4.01,1002.5,6.09,0.68,6332592,64287,968878,1033165,,,,,
Odontoceti,Delphinidae,Globicephala,melas,5,1200,350,7.3,4.01,1403.5,8.53,0.68,8865629,64287,968878,1033165,,,,,
Odontoceti,Delphinidae,Globicephala,melas,5,1200,450,13.3,4.01,1804.5,10.96,0.68,11398666,64287,968878,1033165,,,,,
Odontoceti,Delphinidae,Globicephala,melas,5,1200,550,13.3,4.01,2205.5,13.40,0.68,13931702,64287,968878,1033165,,,,,
Odontoceti,Delphinidae,Globicephala,melas,5,1200,650,10.0,4.01,2606.5,15.84,0.68,16464739,64287,968878,1033165,,,,,
Odontoceti,Delphinidae,Globicephala,melas,5,1200,750,4.7,4.01,3007.5,18.27,0.68,18997776,64287,968878,1033165,,,,,
Odontoceti,Delphinidae,Globicephala,melas,5,1200,850,4.7,4.01,3408.5,20.71,0.68,21530813,64287,968878,1033165,,,,,
Odontoceti,Delphinidae,Globicephala,melas,5,1200,950,4.7,4.01,3809.5,23.15,0.68,24063850,64287,968878,1033165,,,,,
Odontoceti,Delphinidae,Globicephala,melas,5,1200,1050,2.0,4.01,4210.5,19.65,0.68,26596886,384696,968878,1353574,,,,,
Odontoceti,Delphinidae,Globicephala,melas,5,1200,1150,0.7,4.01,4611.5,21.52,0.68,29129923,384696,968878,1353574,,,,,
Odontoceti,Delphinidae,Globicephala,macrorhynchus,4.3,980,50,10.0,4.01,200.5,0.62,0.68,791574,271383,1011678,1283060,,,,,
Odontoceti,Delphinidae,Globicephala,macrorhynchus,4.3,980,150,17.3,4.01,601.5,1.85,0.68,2374722,271383,1011678,1283060,,,,,
Odontoceti,Delphinidae,Globicephala,macrorhynchus,4.3,980,250,12.0,4.01,1002.5,3.08,0.68,3957870,271383,1011678,1283060,,,,,
Odontoceti,Delphinidae,Globicephala,macrorhynchus,4.3,980,350,7.3,4.01,1403.5,4.32,0.68,5541018,271383,1011678,1283060,,,,,
Odontoceti,Delphinidae,Globicephala,macrorhynchus,4.3,980,450,13.3,4.01,1804.5,5.55,0.68,7124166,271383,1011678,1283060,,,,,
Odontoceti,Delphinidae,Globicephala,macrorhynchus,4.3,980,550,13.3,4.01,2205.5,6.79,0.68,8707314,271383,1011678,1283060,,,,,
Odontoceti,Delphinidae,Globicephala,macrorhynchus,4.3,980,650,10.0,4.01,2606.5,8.02,0.68,10290462,271383,1011678,1283060,,,,,
Odontoceti,Delphinidae,Globicephala,macrorhynchus,4.3,980,750,4.7,4.01,3007.5,9.25,0.68,11873610,271383,1011678,1283060,,,,,
Odontoceti,Delphinidae,Globicephala,macrorhynchus,4.3,980,850,4.7,4.01,3408.5,10.49,0.68,13456758,271383,1011678,1283060,,,,,
Odontoceti,Delphinidae,Globicephala,macrorhynchus,4.3,980,950,4.7,4.01,3809.5,11.72,0.68,15039906,271383,1011678,1283060,,,,,
Odontoceti,Delphinidae,Globicephala,macrorhynchus,4.3,980,1050,2.0,4.01,4210.5,12.96,0.68,16623054,271383,1011678,1283060,,,,,
Odontoceti,Delphinidae,Globicephala,macrorhynchus,4.3,980,1150,0.7,4.01,4611.5,14.19,0.68,18206202,271383,1011678,1283060,,,,,
Odontoceti,Delphinidae,Grampus,griseus,3,350,164,9.1,2.31,379.0,8.73,0.68,1197062,4334,132723,137057,,,,,
Odontoceti,Delphinidae,Grampus,griseus,3,350,24,3.6,2.65,63.7,1.47,0.68,201337,4334,132723,137057,,,,,
Odontoceti,Delphinidae,Grampus,griseus,3,350,104,78.2,2.65,276.8,6.38,0.68,874276,4334,132723,137057,,,,,
Odontoceti,Delphinidae,Grampus,griseus,3,350,160,7.3,4.01,639.9,14.75,0.68,2021006,4334,132723,137057,,,,,
Odontoceti,Delphinidae,Grampus,griseus,3,350,35,1.8,2.65,92.2,2.13,0.68,291328,4334,132723,137057,,,,,
Odontoceti,Ziphiidae,Mesoplodon,densirostris,4.1,860,122,42.9,1.69,206.6,0.73,0.68,4078231,34445,5566134,5600579,,,,,
Odontoceti,Ziphiidae,Mesoplodon,densirostris,4.1,860,57,42.9,2.65,151.5,0.53,0.68,2989866,34445,5566134,5600579,,,,,
Odontoceti,Ziphiidae,Mesoplodon,densirostris,4.1,860,248,14.3,3.08,763.4,2.69,0.68,15068653,34445,5566134,5600579,,,,,
Odontoceti,Delphinidae,Orcinus,orca,6,3000,275,1.9,5.63,1548,0.74,0.68,3666785,2345916,2840584,5186499,,,,,
Odontoceti,Delphinidae,Orcinus,orca,6,3000,284,0.5,4.58,1303,0.60,0.68,3086766,2345916,2840584,5186499,,,,,
Odontoceti,Delphinidae,Orcinus,orca,6,3000,426,2.0,4.57,1945,0.89,0.68,4608222,2345916,2840584,5186499,,,,,
Odontoceti,Delphinidae,Orcinus,orca,6,3000,567,12.5,4.57,2588,1.18,0.68,6129678,2345916,2840584,5186499,,,,,
Odontoceti,Delphinidae,Orcinus,orca,6,3000,708,20.0,4.56,3230,1.48,0.68,7651134,2345916,2840584,5186499,,,,,
Odontoceti,Delphinidae,Orcinus,orca,6,3000,775,4.7,5.74,4445,2.03,0.68,10530253,2345916,2840584,5186499,,,,,
Odontoceti,Delphinidae,Orcinus,orca,6,3000,849,12.5,4.56,3872,1.77,0.68,9172590,2345916,2840584,5186499,,,,,
Odontoceti,Delphinidae,Orcinus,orca,6,3000,990,2.0,4.56,4515,2.06,0.68,10694046,2345916,2840584,5186499,,,,,
Odontoceti,Delphinidae,Orcinus,orca,6,3000,1132,0.5,4.56,5157,2.36,0.68,12215502,2345916,2840584,5186499,,,,,
Odontoceti,Delphinidae,Orcinus,orca,6,3000,2125,21.7,5.86,12445,5.68,0.68,29480446,2345916,2840584,5186499,,,,,
Odontoceti,Delphinidae,Orcinus,orca,6,3000,3325,18.9,5.98,19893,9.09,0.68,47123370,2345916,2840584,5186499,,,,,
Odontoceti,Delphinidae,Orcinus,orca,6,3000,3425,2.9,6.24,21385,9.77,0.68,50655919,2345916,2840584,5186499,,,,,
Odontoceti,Phocoenidae,Phocoaena,Phocaena,1.4,33,2,78.0,4.42,10.5,4.25,0.68,24974,528,5346,5873,,,,,
Odontoceti,Phocoenidae,Phocoaena,Phocaena,1.4,33,5,13.8,4.79,22.7,8.63,0.68,53777,886,5346,6232,,,,,
Odontoceti,Phocoenidae,Phocoaena,Phocaena,1.4,33,19,4.9,5.55,103.4,35.10,0.68,244955,1634,5346,6980,,,,,
Odontoceti,Phocoenidae,Phocoaena,Phocaena,1.4,33,73,2.4,6.30,462.3,141.38,0.68,1095139,2400,5346,7746,,,,,
Odontoceti,Phocoenidae,Phocoaena,Phocaena,1.4,33,289,0.8,7.06,2037.3,566.22,0.68,4825937,3177,5346,8523,,,,,
Odontoceti,Physeteridae,Physter,macrocephalus,12.3,19300,24000,0.3,2.65,63600.0,3.30,0.68,50218560,713057,14493511,15206568,,,,,
Odontoceti,Physeteridae,Physter,macrocephalus,12.3,19300,8000,4.9,4.01,32080.0,11.70,0.68,278634048,7843628,15979261,23822889,,,,,
Odontoceti,Physeteridae,Physter,macrocephalus,12.3,19300,2000,0.6,4.01,8020.0,2.92,0.68,69658512,7843628,15979261,23822889,,,,,
Odontoceti,Physeteridae,Physter,macrocephalus,12.3,19300,1700,2.1,3.78,6426.0,2.34,0.68,55813666,7843628,15979261,23822889,,,,,
Odontoceti,Physeteridae,Physter,macrocephalus,12.3,19300,1000,0.4,2.31,2310.0,0.84,0.68,20063736,7843628,15979261,23822889,,,,,
Odontoceti,Physeteridae,Physter,macrocephalus,12.3,19300,1000,0.0,2.65,2650.0,0.97,0.68,23016840,7843628,15979261,23822889,,,,,
Odontoceti,Physeteridae,Physter,macrocephalus,12.3,19300,1000,21.0,3.08,3080.0,1.12,0.68,26751648,7843628,15979261,23822889,,,,,
Odontoceti,Physeteridae,Physter,macrocephalus,12.3,19300,1000,29.6,2.65,2650.0,0.97,0.68,23016840,7843628,15979261,23822889,,,,,
Odontoceti,Physeteridae,Physter,macrocephalus,12.3,19300,800,9.4,2.31,1848.0,0.99,0.68,16050989,273162,15979261,16252423,,,,,
Odontoceti,Physeteridae,Physter,macrocephalus,12.3,19300,700,1.1,2.31,1617.0,0.86,0.68,14044615,273162,15979261,16252423,,,,,
Odontoceti,Physeteridae,Physter,macrocephalus,12.3,19300,600,21.0,4.53,2718.0,1.45,0.68,23607461,273162,15979261,16252423,,,,,
Odontoceti,Physeteridae,Physter,macrocephalus,12.3,19300,500,1.4,2.31,1155.0,0.62,0.68,10031868,273162,15979261,16252423,,,,,
Odontoceti,Physeteridae,Physter,macrocephalus,12.3,19300,500,0.0,3.77,1885.0,1.01,0.68,16372356,273162,15979261,16252423,,,,,
Odontoceti,Physeteridae,Physter,macrocephalus,12.3,19300,300,0.1,2.31,693.0,0.37,0.68,6019121,273162,15979261,16252423,,,,,
Odontoceti,Physeteridae,Physter,macrocephalus,12.3,19300,200,0.3,3.78,756.0,0.40,0.68,6566314,273162,15979261,16252423,,,,,
Odontoceti,Physeteridae,Physter,macrocephalus,12.3,19300,200,4.9,1.69,338.0,0.18,0.68,2935733,273162,15979261,16252423,,,,,
Odontoceti,Physeteridae,Physter,macrocephalus,12.3,19300,100,0.6,2.31,231.0,0.12,0.68,2006374,273162,15979261,16252423,,,,,
Odontoceti,Physeteridae,Physter,macrocephalus,12.3,19300,800,2.1,2.65,2310.0,1.13,0.68,18413472,273162,15979261,16252423,,,,,
Odontoceti,Ziphiidae,Ziphius,cavirostris,6.6,2900,46,0.0,2.31,106,0.18,0.68,2936601,1571105,14331551,15902656,,,,,
Odontoceti,Ziphiidae,Ziphius,cavirostris,6.6,2900,1183,0.0,2.31,2733,4.79,0.68,75521726,1431607,14331551,15763158,,,,,
Odontoceti,Ziphiidae,Ziphius,cavirostris,6.6,2900,154,16.8,3.08,474,0.83,0.68,13108308,1431607,14331551,15763158,,,,,
Odontoceti,Ziphiidae,Ziphius,cavirostris,6.6,2900,631,0.1,4.53,2859,5.01,0.68,79004239,1431607,14331551,15763158,,,,,
Odontoceti,Ziphiidae,Ziphius,cavirostris,6.6,2900,259,30.5,3.78,1197,2.10,0.68,33081844,1431607,14331551,15763158,,,,,
Odontoceti,Ziphiidae,Ziphius,cavirostris,6.6,2900,64,4.8,2.65,490,0.86,0.68,13555147,1431607,14331551,15763158,,,,,
Odontoceti,Ziphiidae,Ziphius,cavirostris,6.6,2900,1675,1.2,4.01,3766,6.60,0.68,104085398,1431607,14331551,15763158,,,,,
Odontoceti,Ziphiidae,Ziphius,cavirostris,6.6,2900,2257,0.8,3.78,3134,5.49,0.68,86600722,1431607,14331551,15763158,,,,,
Odontoceti,Ziphiidae,Ziphius,cavirostris,6.6,2900,1729,0.0,3.08,5325,9.34,0.68,147170544,1431607,14331551,15763158,,,,,
Odontoceti,Ziphiidae,Ziphius,cavirostris,6.6,2900,802,0.0,2.31,1853,3.25,0.68,51199006,1431607,14331551,15763158,,,,,
Odontoceti,Ziphiidae,Ziphius,cavirostris,6.6,2900,221,0.6,2.31,510,0.89,0.68,14105826,1431607,14331551,15763158,,,,,
Odontoceti,Ziphiidae,Ziphius,cavirostris,6.6,2900,272,4.2,1.82,183,0.32,0.68,5047214,1431607,14331551,15763158,,,,,
Odontoceti,Ziphiidae,Ziphius,cavirostris,6.6,2900,79,32.3,1.69,138,0.24,0.68,3807902,1431607,14331551,15763158,,,,,
Odontoceti,Ziphiidae,Ziphius,cavirostris,6.6,2900,181,8.8,2.31,418,0.73,0.68,11554888,1431607,14331551,15763158,,,,,
Odontoceti,Ziphiidae,Ziphius,cavirostris,6.6,2900,87,0.0,3.77,328,0.58,0.68,9064332,1431607,14331551,15763158,,,,,
Odontoceti,Ziphiidae,Ziphius,cavirostris,6.6,2900,65,0.0,3.77,244,0.43,0.68,6751364,1431607,14331551,15763158,,,,,
Odontoceti,Ziphiidae,Berardius,bairdii,10.5,11900,915,36.0,1.67,1531.7,0.83,0.61,42329471,1856190,48920352,50776542,,,,,
Odontoceti,Ziphiidae,Berardius,bairdii,10.5,11900,456,0.4,1.67,763.2,0.42,0.61,21090734,1856190,48920352,50776542,,,,,
Odontoceti,Ziphiidae,Berardius,bairdii,10.5,11900,944,0.4,1.67,1579.9,0.86,0.61,43661519,1856190,48920352,50776542,,,,,
Odontoceti,Ziphiidae,Berardius,bairdii,10.5,11900,661,31.1,1.67,1106.8,0.60,0.61,30586394,1856190,48920352,50776542,,,,,
Odontoceti,Ziphiidae,Berardius,bairdii,10.5,11900,480,0.4,1.67,803.3,0.44,0.61,22200773,1856190,48920352,50776542,,,,,
Odontoceti,Ziphiidae,Berardius,bairdii,10.5,11900,19,1.1,2.31,43.9,0.02,0.61,1212944,1856190,48920352,50776542,,,,,
Odontoceti,Ziphiidae,Berardius,bairdii,10.5,11900,89,0.1,3.08,274.5,0.15,0.61,7584879,1856190,48920352,50776542,,,,,
Odontoceti,Ziphiidae,Berardius,bairdii,10.5,11900,123,0.3,4.53,555.4,0.30,0.61,15348947,1856190,48920352,50776542,,,,,
Odontoceti,Ziphiidae,Berardius,bairdii,10.5,11900,191,21.3,3.78,723.7,0.39,0.61,19999165,1856190,48920352,50776542,,,,,
Odontoceti,Ziphiidae,Berardius,bairdii,10.5,11900,152,0.2,2.65,401.9,0.22,0.61,11108172,1856190,48920352,50776542,,,,,
Odontoceti,Ziphiidae,Berardius,bairdii,10.5,11900,14516,0.0,2.65,38468.0,6.96,0.61,1063102736,103767511,48920352,152687863,,,,,
Odontoceti,Ziphiidae,Berardius,bairdii,10.5,11900,118,0.5,4.01,473.5,0.26,0.61,13086736,1856190,48920352,50776542,,,,,
Odontoceti,Ziphiidae,Berardius,bairdii,10.5,11900,38,0.1,2.31,88.6,0.05,0.61,2447743,1856190,48920352,50776542,,,,,
Odontoceti,Ziphiidae,Berardius,bairdii,10.5,11900,41,1.8,1.82,74.2,0.04,0.61,2051710,1856190,48920352,50776542,,,,,
Odontoceti,Ziphiidae,Berardius,bairdii,10.5,11900,107,6.1,1.69,180.4,0.10,0.61,4986724,1856190,48920352,50776542,,,,,
Odontoceti,Ziphiidae,Berardius,bairdii,10.5,11900,267,0.1,2.31,617.0,0.34,0.61,17051704,1856190,48920352,50776542,,,,,
Odontoceti,Ziphiidae,Berardius,bairdii,10.5,11900,280,0.1,3.42,959.3,0.52,0.61,26510220,1856190,48920352,50776542,,,,,
Odontoceti,Ziphiidae,Berardius,bairdii,10.5,11900,552,0.0,2.88,1588.8,0.86,0.61,43908990,1856190,48920352,50776542,,,,,
Odontoceti,Ziphiidae,Berardius,bairdii,10.5,11900,6800,0.0,2.88,19584.0,3.54,0.61,541223424,103767511,48920352,152687863,,,,,
Odontoceti,Delphinidae,Globicephala,melas,5,1200,50,10.0,4.01,200.5,1.94,0.61,1266518,63924,589829,653754,,,,,
Odontoceti,Delphinidae,Globicephala,melas,5,1200,150,17.3,4.01,601.5,5.81,0.61,3799555,63924,589829,653754,,,,,
Odontoceti,Delphinidae,Globicephala,melas,5,1200,250,12.0,4.01,1002.5,9.69,0.61,6332592,63924,589829,653754,,,,,
Odontoceti,Delphinidae,Globicephala,melas,5,1200,350,7.3,4.01,1403.5,13.56,0.61,8865629,63924,589829,653754,,,,,
Odontoceti,Delphinidae,Globicephala,melas,5,1200,450,13.3,4.01,1804.5,17.44,0.61,11398666,63924,589829,653754,,,,,
Odontoceti,Delphinidae,Globicephala,melas,5,1200,550,13.3,4.01,2205.5,21.31,0.61,13931702,63924,589829,653754,,,,,
Odontoceti,Delphinidae,Globicephala,melas,5,1200,650,10.0,4.01,2606.5,25.18,0.61,16464739,63924,589829,653754,,,,,
Odontoceti,Delphinidae,Globicephala,melas,5,1200,750,4.7,4.01,3007.5,29.06,0.61,18997776,63924,589829,653754,,,,,
Odontoceti,Delphinidae,Globicephala,melas,5,1200,850,4.7,4.01,3408.5,32.93,0.61,21530813,63924,589829,653754,,,,,
Odontoceti,Delphinidae,Globicephala,melas,5,1200,950,4.7,4.01,3809.5,36.81,0.61,24063850,63924,589829,653754,,,,,
Odontoceti,Delphinidae,Globicephala,melas,5,1200,1050,2.0,4.01,4210.5,27.30,0.61,26596886,384515,589829,974344,,,,,
Odontoceti,Delphinidae,Globicephala,melas,5,1200,1150,0.7,4.01,4611.5,29.90,0.61,29129923,384515,589829,974344,,,,,
Odontoceti,Delphinidae,Globicephala,macrorhynchus,4.3,980,50,10.0,4.01,200.5,0.88,0.61,791574,271294,624678,895972,,,,,
Odontoceti,Delphinidae,Globicephala,macrorhynchus,4.3,980,150,17.3,4.01,601.5,2.65,0.61,2374722,271294,624678,895972,,,,,
Odontoceti,Delphinidae,Globicephala,macrorhynchus,4.3,980,250,12.0,4.01,1002.5,4.42,0.61,3957870,271294,624678,895972,,,,,
Odontoceti,Delphinidae,Globicephala,macrorhynchus,4.3,980,350,7.3,4.01,1403.5,6.18,0.61,5541018,271294,624678,895972,,,,,
Odontoceti,Delphinidae,Globicephala,macrorhynchus,4.3,980,450,13.3,4.01,1804.5,7.95,0.61,7124166,271294,624678,895972,,,,,
Odontoceti,Delphinidae,Globicephala,macrorhynchus,4.3,980,550,13.3,4.01,2205.5,9.72,0.61,8707314,271294,624678,895972,,,,,
Odontoceti,Delphinidae,Globicephala,macrorhynchus,4.3,980,650,10.0,4.01,2606.5,11.49,0.61,10290462,271294,624678,895972,,,,,
Odontoceti,Delphinidae,Globicephala,macrorhynchus,4.3,980,750,4.7,4.01,3007.5,13.25,0.61,11873610,271294,624678,895972,,,,,
Odontoceti,Delphinidae,Globicephala,macrorhynchus,4.3,980,850,4.7,4.01,3408.5,15.02,0.61,13456758,271294,624678,895972,,,,,
Odontoceti,Delphinidae,Globicephala,macrorhynchus,4.3,980,950,4.7,4.01,3809.5,16.79,0.61,15039906,271294,624678,895972,,,,,
Odontoceti,Delphinidae,Globicephala,macrorhynchus,4.3,980,1050,2.0,4.01,4210.5,18.55,0.61,16623054,271294,624678,895972,,,,,
Odontoceti,Delphinidae,Globicephala,macrorhynchus,4.3,980,1150,0.7,4.01,4611.5,20.32,0.61,18206202,271294,624678,895972,,,,,
Odontoceti,Delphinidae,Grampus,griseus,3,350,164,9.1,2.31,379.0,12.96,0.61,1197062,4283,88077,92360,,,,,
Odontoceti,Delphinidae,Grampus,griseus,3,350,24,3.6,2.65,63.7,2.18,0.61,201337,4283,88077,92360,,,,,
Odontoceti,Delphinidae,Grampus,griseus,3,350,104,78.2,2.65,276.8,9.47,0.61,874276,4283,88077,92360,,,,,
Odontoceti,Delphinidae,Grampus,griseus,3,350,160,7.3,4.01,639.9,21.88,0.61,2021006,4283,88077,92360,,,,,
Odontoceti,Delphinidae,Grampus,griseus,3,350,35,1.8,2.65,92.2,3.15,0.61,291328,4283,88077,92360,,,,,
Odontoceti,Ziphiidae,Mesoplodon,densirostris,4.1,860,122,42.9,1.69,206.6,1.16,0.61,4078231,33543,3468477,3502020,,,,,
Odontoceti,Ziphiidae,Mesoplodon,densirostris,4.1,860,57,42.9,2.65,151.5,0.85,0.61,2989866,33543,3468477,3502020,,,,,
Odontoceti,Ziphiidae,Mesoplodon,densirostris,4.1,860,248,14.3,3.08,763.4,4.30,0.61,15068653,33543,3468477,3502020,,,,,
Odontoceti,Delphinidae,Orcinus,orca,6,3000,275,1.9,5.63,1548,0.98,0.61,3666785,2345149,1621844,3966993,,,,,
Odontoceti,Delphinidae,Orcinus,orca,6,3000,284,0.5,4.58,1303,0.78,0.61,3086766,2345149,1621844,3966993,,,,,
Odontoceti,Delphinidae,Orcinus,orca,6,3000,426,2.0,4.57,1945,1.16,0.61,4608222,2345149,1621844,3966993,,,,,
Odontoceti,Delphinidae,Orcinus,orca,6,3000,567,12.5,4.57,2588,1.55,0.61,6129678,2345149,1621844,3966993,,,,,
Odontoceti,Delphinidae,Orcinus,orca,6,3000,708,20.0,4.56,3230,1.93,0.61,7651134,2345149,1621844,3966993,,,,,
Odontoceti,Delphinidae,Orcinus,orca,6,3000,775,4.7,5.74,4445,2.65,0.61,10530253,2345149,1621844,3966993,,,,,
Odontoceti,Delphinidae,Orcinus,orca,6,3000,849,12.5,4.56,3872,2.31,0.61,9172590,2345149,1621844,3966993,,,,,
Odontoceti,Delphinidae,Orcinus,orca,6,3000,990,2.0,4.56,4515,2.70,0.61,10694046,2345149,1621844,3966993,,,,,
Odontoceti,Delphinidae,Orcinus,orca,6,3000,1132,0.5,4.56,5157,3.08,0.61,12215502,2345149,1621844,3966993,,,,,
Odontoceti,Delphinidae,Orcinus,orca,6,3000,2125,21.7,5.86,12445,7.43,0.61,29480446,2345149,1621844,3966993,,,,,
Odontoceti,Delphinidae,Orcinus,orca,6,3000,3325,18.9,5.98,19893,11.88,0.61,47123370,2345149,1621844,3966993,,,,,
Odontoceti,Delphinidae,Orcinus,orca,6,3000,3425,2.9,6.24,21385,12.77,0.61,50655919,2345149,1621844,3966993,,,,,
Odontoceti,Phocoenidae,Phocoaena,Phocaena,1.4,33,2,78.0,4.42,10.5,5.30,0.61,24974,526,4185,4711,,,,,
Odontoceti,Phocoenidae,Phocoaena,Phocaena,1.4,33,5,13.8,4.79,22.7,10.61,0.61,53777,885,4185,5070,,,,,
Odontoceti,Phocoenidae,Phocoaena,Phocaena,1.4,33,19,4.9,5.55,103.4,42.10,0.61,244955,1633,4185,5818,,,,,
Odontoceti,Phocoenidae,Phocoaena,Phocaena,1.4,33,73,2.4,6.30,462.3,166.32,0.61,1095139,2399,4185,6585,,,,,
Odontoceti,Phocoenidae,Phocoaena,Phocaena,1.4,33,289,0.8,7.06,2037.3,655.55,0.61,4825937,3176,4185,7362,,,,,
Odontoceti,Physeteridae,Physter,macrocephalus,12.3,19300,24000,0.3,2.65,63600.0,6.30,0.61,50218560,712266,7264146,7976413,,,,,
Odontoceti,Physeteridae,Physter,macrocephalus,12.3,19300,8000,4.9,4.01,32080.0,17.59,0.61,278634048,7834928,8008804,15843732,,,,,
Odontoceti,Physeteridae,Physter,macrocephalus,12.3,19300,2000,0.6,4.01,8020.0,4.40,0.61,69658512,7834928,8008804,15843732,,,,,
Odontoceti,Physeteridae,Physter,macrocephalus,12.3,19300,1700,2.1,3.78,6426.0,3.52,0.61,55813666,7834928,8008804,15843732,,,,,
Odontoceti,Physeteridae,Physter,macrocephalus,12.3,19300,1000,0.4,2.31,2310.0,1.27,0.61,20063736,7834928,8008804,15843732,,,,,
Odontoceti,Physeteridae,Physter,macrocephalus,12.3,19300,1000,0.0,2.65,2650.0,1.45,0.61,23016840,7834928,8008804,15843732,,,,,
Odontoceti,Physeteridae,Physter,macrocephalus,12.3,19300,1000,21.0,3.08,3080.0,1.69,0.61,26751648,7834928,8008804,15843732,,,,,
Odontoceti,Physeteridae,Physter,macrocephalus,12.3,19300,1000,29.6,2.65,2650.0,1.45,0.61,23016840,7834928,8008804,15843732,,,,,
Odontoceti,Physeteridae,Physter,macrocephalus,12.3,19300,800,9.4,2.31,1848.0,1.94,0.61,16050989,255763,8008804,8264567,,,,,
Odontoceti,Physeteridae,Physter,macrocephalus,12.3,19300,700,1.1,2.31,1617.0,1.70,0.61,14044615,255763,8008804,8264567,,,,,
Odontoceti,Physeteridae,Physter,macrocephalus,12.3,19300,600,21.0,4.53,2718.0,2.86,0.61,23607461,255763,8008804,8264567,,,,,
Odontoceti,Physeteridae,Physter,macrocephalus,12.3,19300,500,1.4,2.31,1155.0,1.21,0.61,10031868,255763,8008804,8264567,,,,,
Odontoceti,Physeteridae,Physter,macrocephalus,12.3,19300,500,0.0,3.77,1885.0,1.98,0.61,16372356,255763,8008804,8264567,,,,,
Odontoceti,Physeteridae,Physter,macrocephalus,12.3,19300,300,0.1,2.31,693.0,0.73,0.61,6019121,255763,8008804,8264567,,,,,
Odontoceti,Physeteridae,Physter,macrocephalus,12.3,19300,200,0.3,3.78,756.0,0.79,0.61,6566314,255763,8008804,8264567,,,,,
Odontoceti,Physeteridae,Physter,macrocephalus,12.3,19300,200,4.9,1.69,338.0,0.36,0.61,2935733,255763,8008804,8264567,,,,,
Odontoceti,Physeteridae,Physter,macrocephalus,12.3,19300,100,0.6,2.31,231.0,0.24,0.61,2006374,255763,8008804,8264567,,,,,
Odontoceti,Physeteridae,Physter,macrocephalus,12.3,19300,800,2.1,2.65,2310.0,2.23,0.61,18413472,255763,8008804,8264567,,,,,
Odontoceti,Ziphiidae,Ziphius,cavirostris,6.6,2900,46,0.0,2.31,106,0.30,0.61,2936601,1567483,8202105,9769588,,,,,
Odontoceti,Ziphiidae,Ziphius,cavirostris,6.6,2900,1183,0.0,2.31,2733,7.84,0.61,75521726,1427865,8202105,9629970,,,,,
Odontoceti,Ziphiidae,Ziphius,cavirostris,6.6,2900,154,16.8,3.08,474,1.36,0.61,13108308,1427865,8202105,9629970,,,,,
Odontoceti,Ziphiidae,Ziphius,cavirostris,6.6,2900,631,0.1,4.53,2859,8.20,0.61,79004239,1427865,8202105,9629970,,,,,
Odontoceti,Ziphiidae,Ziphius,cavirostris,6.6,2900,259,30.5,3.78,1197,3.44,0.61,33081844,1427865,8202105,9629970,,,,,
Odontoceti,Ziphiidae,Ziphius,cavirostris,6.6,2900,64,4.8,2.65,490,1.41,0.61,13555147,1427865,8202105,9629970,,,,,
Odontoceti,Ziphiidae,Ziphius,cavirostris,6.6,2900,1675,1.2,4.01,3766,10.81,0.61,104085398,1427865,8202105,9629970,,,,,
Odontoceti,Ziphiidae,Ziphius,cavirostris,6.6,2900,2257,0.8,3.78,3134,8.99,0.61,86600722,1427865,8202105,9629970,,,,,
Odontoceti,Ziphiidae,Ziphius,cavirostris,6.6,2900,1729,0.0,3.08,5325,15.28,0.61,147170544,1427865,8202105,9629970,,,,,
Odontoceti,Ziphiidae,Ziphius,cavirostris,6.6,2900,802,0.0,2.31,1853,5.32,0.61,51199006,1427865,8202105,9629970,,,,,
Odontoceti,Ziphiidae,Ziphius,cavirostris,6.6,2900,221,0.6,2.31,510,1.46,0.61,14105826,1427865,8202105,9629970,,,,,
Odontoceti,Ziphiidae,Ziphius,cavirostris,6.6,2900,272,4.2,1.82,183,0.52,0.61,5047214,1427865,8202105,9629970,,,,,
Odontoceti,Ziphiidae,Ziphius,cavirostris,6.6,2900,79,32.3,1.69,138,0.40,0.61,3807902,1427865,8202105,9629970,,,,,
Odontoceti,Ziphiidae,Ziphius,cavirostris,6.6,2900,181,8.8,2.31,418,1.20,0.61,11554888,1427865,8202105,9629970,,,,,
Odontoceti,Ziphiidae,Ziphius,cavirostris,6.6,2900,87,0.0,3.77,328,0.94,0.61,9064332,1427865,8202105,9629970,,,,,
Odontoceti,Ziphiidae,Ziphius,cavirostris,6.6,2900,65,0.0,3.77,244,0.70,0.61,6751364,1427865,8202105,9629970,,,,,
Odontoceti,Ziphiidae,Berardius,bairdii,10.5,11900,915,36.0,1.67,1531.7,9.04,0.45,42329471,1751136,2929716,4680851,,,,,
Odontoceti,Ziphiidae,Berardius,bairdii,10.5,11900,456,0.4,1.67,763.2,4.51,0.45,21090734,1751136,2929716,4680851,,,,,
Odontoceti,Ziphiidae,Berardius,bairdii,10.5,11900,944,0.4,1.67,1579.9,9.33,0.45,43661519,1751136,2929716,4680851,,,,,
Odontoceti,Ziphiidae,Berardius,bairdii,10.5,11900,661,31.1,1.67,1106.8,6.53,0.45,30586394,1751136,2929716,4680851,,,,,
Odontoceti,Ziphiidae,Berardius,bairdii,10.5,11900,480,0.4,1.67,803.3,4.74,0.45,22200773,1751136,2929716,4680851,,,,,
Odontoceti,Ziphiidae,Berardius,bairdii,10.5,11900,19,1.1,2.31,43.9,0.26,0.45,1212944,1751136,2929716,4680851,,,,,
Odontoceti,Ziphiidae,Berardius,bairdii,10.5,11900,89,0.1,3.08,274.5,1.62,0.45,7584879,1751136,2929716,4680851,,,,,
Odontoceti,Ziphiidae,Berardius,bairdii,10.5,11900,123,0.3,4.53,555.4,3.28,0.45,15348947,1751136,2929716,4680851,,,,,
Odontoceti,Ziphiidae,Berardius,bairdii,10.5,11900,191,21.3,3.78,723.7,4.27,0.45,19999165,1751136,2929716,4680851,,,,,
Odontoceti,Ziphiidae,Berardius,bairdii,10.5,11900,152,0.2,2.65,401.9,2.37,0.45,11108172,1751136,2929716,4680851,,,,,
Odontoceti,Ziphiidae,Berardius,bairdii,10.5,11900,14516,0.0,2.65,38468.0,9.97,0.45,1063102736,103741247,2929716,106670963,,,,,
Odontoceti,Ziphiidae,Berardius,bairdii,10.5,11900,118,0.5,4.01,473.5,2.80,0.45,13086736,1751136,2929716,4680851,,,,,
Odontoceti,Ziphiidae,Berardius,bairdii,10.5,11900,38,0.1,2.31,88.6,0.52,0.45,2447743,1751136,2929716,4680851,,,,,
Odontoceti,Ziphiidae,Berardius,bairdii,10.5,11900,41,1.8,1.82,74.2,0.44,0.45,2051710,1751136,2929716,4680851,,,,,
Odontoceti,Ziphiidae,Berardius,bairdii,10.5,11900,107,6.1,1.69,180.4,1.07,0.45,4986724,1751136,2929716,4680851,,,,,
Odontoceti,Ziphiidae,Berardius,bairdii,10.5,11900,267,0.1,2.31,617.0,3.64,0.45,17051704,1751136,2929716,4680851,,,,,
Odontoceti,Ziphiidae,Berardius,bairdii,10.5,11900,280,0.1,3.42,959.3,5.66,0.45,26510220,1751136,2929716,4680851,,,,,
Odontoceti,Ziphiidae,Berardius,bairdii,10.5,11900,552,0.0,2.88,1588.8,9.38,0.45,43908990,1751136,2929716,4680851,,,,,
Odontoceti,Ziphiidae,Berardius,bairdii,10.5,11900,6800,0.0,2.88,19584.0,5.07,0.45,541223424,103741247,2929716,106670963,,,,,
Odontoceti,Delphinidae,Globicephala,melas,5,1200,50,10.0,4.01,200.5,5.00,0.45,1266518,63541,189696,253237,,,,,
Odontoceti,Delphinidae,Globicephala,melas,5,1200,150,17.3,4.01,601.5,15.00,0.45,3799555,63541,189696,253237,,,,,
Odontoceti,Delphinidae,Globicephala,melas,5,1200,250,12.0,4.01,1002.5,25.01,0.45,6332592,63541,189696,253237,,,,,
Odontoceti,Delphinidae,Globicephala,melas,5,1200,350,7.3,4.01,1403.5,35.01,0.45,8865629,63541,189696,253237,,,,,
Odontoceti,Delphinidae,Globicephala,melas,5,1200,450,13.3,4.01,1804.5,45.01,0.45,11398666,63541,189696,253237,,,,,
Odontoceti,Delphinidae,Globicephala,melas,5,1200,550,13.3,4.01,2205.5,55.01,0.45,13931702,63541,189696,253237,,,,,
Odontoceti,Delphinidae,Globicephala,melas,5,1200,650,10.0,4.01,2606.5,65.02,0.45,16464739,63541,189696,253237,,,,,
Odontoceti,Delphinidae,Globicephala,melas,5,1200,750,4.7,4.01,3007.5,75.02,0.45,18997776,63541,189696,253237,,,,,
Odontoceti,Delphinidae,Globicephala,melas,5,1200,850,4.7,4.01,3408.5,85.02,0.45,21530813,63541,189696,253237,,,,,
Odontoceti,Delphinidae,Globicephala,melas,5,1200,950,4.7,4.01,3809.5,95.02,0.45,24063850,63541,189696,253237,,,,,
Odontoceti,Delphinidae,Globicephala,melas,5,1200,1050,2.0,4.01,4210.5,46.33,0.45,26596886,384323,189696,574019,,,,,
Odontoceti,Delphinidae,Globicephala,melas,5,1200,1150,0.7,4.01,4611.5,50.75,0.45,29129923,384323,189696,574019,,,,,
Odontoceti,Delphinidae,Globicephala,macrorhynchus,4.3,980,50,10.0,4.01,200.5,1.65,0.45,791574,271198,207520,478719,,,,,
Odontoceti,Delphinidae,Globicephala,macrorhynchus,4.3,980,150,17.3,4.01,601.5,4.96,0.45,2374722,271198,207520,478719,,,,,
Odontoceti,Delphinidae,Globicephala,macrorhynchus,4.3,980,250,12.0,4.01,1002.5,8.27,0.45,3957870,271198,207520,478719,,,,,
Odontoceti,Delphinidae,Globicephala,macrorhynchus,4.3,980,350,7.3,4.01,1403.5,11.57,0.45,5541018,271198,207520,478719,,,,,
Odontoceti,Delphinidae,Globicephala,macrorhynchus,4.3,980,450,13.3,4.01,1804.5,14.88,0.45,7124166,271198,207520,478719,,,,,
Odontoceti,Delphinidae,Globicephala,macrorhynchus,4.3,980,550,13.3,4.01,2205.5,18.19,0.45,8707314,271198,207520,478719,,,,,
Odontoceti,Delphinidae,Globicephala,macrorhynchus,4.3,980,650,10.0,4.01,2606.5,21.50,0.45,10290462,271198,207520,478719,,,,,
Odontoceti,Delphinidae,Globicephala,macrorhynchus,4.3,980,750,4.7,4.01,3007.5,24.80,0.45,11873610,271198,207520,478719,,,,,
Odontoceti,Delphinidae,Globicephala,macrorhynchus,4.3,980,850,4.7,4.01,3408.5,28.11,0.45,13456758,271198,207520,478719,,,,,
Odontoceti,Delphinidae,Globicephala,macrorhynchus,4.3,980,950,4.7,4.01,3809.5,31.42,0.45,15039906,271198,207520,478719,,,,,
Odontoceti,Delphinidae,Globicephala,macrorhynchus,4.3,980,1050,2.0,4.01,4210.5,34.72,0.45,16623054,271198,207520,478719,,,,,
Odontoceti,Delphinidae,Globicephala,macrorhynchus,4.3,980,1150,0.7,4.01,4611.5,38.03,0.45,18206202,271198,207520,478719,,,,,
Odontoceti,Delphinidae,Grampus,griseus,3,350,164,9.1,2.31,379.0,30.91,0.45,1197062,4222,34499,38722,,,,,
Odontoceti,Delphinidae,Grampus,griseus,3,350,24,3.6,2.65,63.7,5.20,0.45,201337,4222,34499,38722,,,,,
Odontoceti,Delphinidae,Grampus,griseus,3,350,104,78.2,2.65,276.8,22.58,0.45,874276,4222,34499,38722,,,,,
Odontoceti,Delphinidae,Grampus,griseus,3,350,160,7.3,4.01,639.9,52.19,0.45,2021006,4222,34499,38722,,,,,
Odontoceti,Delphinidae,Grampus,griseus,3,350,35,1.8,2.65,92.2,7.52,0.45,291328,4222,34499,38722,,,,,
Odontoceti,Ziphiidae,Mesoplodon,densirostris,4.1,860,122,42.9,1.69,206.6,3.37,0.45,4078231,32557,1176573,1209131,,,,,
Odontoceti,Ziphiidae,Mesoplodon,densirostris,4.1,860,57,42.9,2.65,151.5,2.47,0.45,2989866,32557,1176573,1209131,,,,,
Odontoceti,Ziphiidae,Mesoplodon,densirostris,4.1,860,248,14.3,3.08,763.4,12.46,0.45,15068653,32557,1176573,1209131,,,,,
Odontoceti,Delphinidae,Orcinus,orca,6,3000,275,1.9,5.63,1548,1.43,0.45,3666785,2344413,450474,2794887,,,,,
Odontoceti,Delphinidae,Orcinus,orca,6,3000,284,0.5,4.58,1303,1.10,0.45,3086766,2344413,450474,2794887,,,,,
Odontoceti,Delphinidae,Orcinus,orca,6,3000,426,2.0,4.57,1945,1.65,0.45,4608222,2344413,450474,2794887,,,,,
Odontoceti,Delphinidae,Orcinus,orca,6,3000,567,12.5,4.57,2588,2.19,0.45,6129678,2344413,450474,2794887,,,,,
Odontoceti,Delphinidae,Orcinus,orca,6,3000,708,20.0,4.56,3230,2.74,0.45,7651134,2344413,450474,2794887,,,,,
Odontoceti,Delphinidae,Orcinus,orca,6,3000,775,4.7,5.74,4445,3.77,0.45,10530253,2344413,450474,2794887,,,,,
Odontoceti,Delphinidae,Orcinus,orca,6,3000,849,12.5,4.56,3872,3.28,0.45,9172590,2344413,450474,2794887,,,,,
Odontoceti,Delphinidae,Orcinus,orca,6,3000,990,2.0,4.56,4515,3.83,0.45,10694046,2344413,450474,2794887,,,,,
Odontoceti,Delphinidae,Orcinus,orca,6,3000,1132,0.5,4.56,5157,4.37,0.45,12215502,2344413,450474,2794887,,,,,
Odontoceti,Delphinidae,Orcinus,orca,6,3000,2125,21.7,5.86,12445,10.55,0.45,29480446,2344413,450474,2794887,,,,,
Odontoceti,Delphinidae,Orcinus,orca,6,3000,3325,18.9,5.98,19893,16.86,0.45,47123370,2344413,450474,2794887,,,,,
Odontoceti,Delphinidae,Orcinus,orca,6,3000,3425,2.9,6.24,21385,18.12,0.45,50655919,2344413,450474,2794887,,,,,
Odontoceti,Phocoenidae,Phocoaena,Phocaena,1.4,33,2,78.0,4.42,10.5,8.57,0.45,24974,523,2392,2915,,,,,
Odontoceti,Phocoenidae,Phocoaena,Phocaena,1.4,33,5,13.8,4.79,22.7,16.42,0.45,53777,882,2392,3274,,,,,
Odontoceti,Phocoenidae,Phocoaena,Phocaena,1.4,33,19,4.9,5.55,103.4,60.89,0.45,244955,1631,2392,4023,,,,,
Odontoceti,Phocoenidae,Phocoaena,Phocaena,1.4,33,73,2.4,6.30,462.3,228.64,0.45,1095139,2398,2392,4790,,,,,
Odontoceti,Phocoenidae,Phocoaena,Phocaena,1.4,33,289,0.8,7.06,2037.3,866.88,0.45,4825937,3175,2392,5567,,,,,
Odontoceti,Physeteridae,Physter,macrocephalus,12.3,19300,24000,0.3,2.65,63600.0,22.73,0.45,50218560,711635,1497943,2209579,,,,,
Odontoceti,Physeteridae,Physter,macrocephalus,12.3,19300,8000,4.9,4.01,32080.0,29.39,0.45,278634048,7827989,1651500,9479489,,,,,
Odontoceti,Physeteridae,Physter,macrocephalus,12.3,19300,2000,0.6,4.01,8020.0,7.35,0.45,69658512,7827989,1651500,9479489,,,,,
Odontoceti,Physeteridae,Physter,macrocephalus,12.3,19300,1700,2.1,3.78,6426.0,5.89,0.45,55813666,7827989,1651500,9479489,,,,,
Odontoceti,Physeteridae,Physter,macrocephalus,12.3,19300,1000,0.4,2.31,2310.0,2.12,0.45,20063736,7827989,1651500,9479489,,,,,
Odontoceti,Physeteridae,Physter,macrocephalus,12.3,19300,1000,0.0,2.65,2650.0,2.43,0.45,23016840,7827989,1651500,9479489,,,,,
Odontoceti,Physeteridae,Physter,macrocephalus,12.3,19300,1000,21.0,3.08,3080.0,2.82,0.45,26751648,7827989,1651500,9479489,,,,,
Odontoceti,Physeteridae,Physter,macrocephalus,12.3,19300,1000,29.6,2.65,2650.0,2.43,0.45,23016840,7827989,1651500,9479489,,,,,
Odontoceti,Physeteridae,Physter,macrocephalus,12.3,19300,800,9.4,2.31,1848.0,8.48,0.45,16050989,241885,1651500,1893384,,,,,
Odontoceti,Physeteridae,Physter,macrocephalus,12.3,19300,700,1.1,2.31,1617.0,7.42,0.45,14044615,241885,1651500,1893384,,,,,
Odontoceti,Physeteridae,Physter,macrocephalus,12.3,19300,600,21.0,4.53,2718.0,12.47,0.45,23607461,241885,1651500,1893384,,,,,
Odontoceti,Physeteridae,Physter,macrocephalus,12.3,19300,500,1.4,2.31,1155.0,5.30,0.45,10031868,241885,1651500,1893384,,,,,
Odontoceti,Physeteridae,Physter,macrocephalus,12.3,19300,500,0.0,3.77,1885.0,8.65,0.45,16372356,241885,1651500,1893384,,,,,
Odontoceti,Physeteridae,Physter,macrocephalus,12.3,19300,300,0.1,2.31,693.0,3.18,0.45,6019121,241885,1651500,1893384,,,,,
Odontoceti,Physeteridae,Physter,macrocephalus,12.3,19300,200,0.3,3.78,756.0,3.47,0.45,6566314,241885,1651500,1893384,,,,,
Odontoceti,Physeteridae,Physter,macrocephalus,12.3,19300,200,4.9,1.69,338.0,1.55,0.45,2935733,241885,1651500,1893384,,,,,
Odontoceti,Physeteridae,Physter,macrocephalus,12.3,19300,100,0.6,2.31,231.0,1.06,0.45,2006374,241885,1651500,1893384,,,,,
Odontoceti,Physeteridae,Physter,macrocephalus,12.3,19300,800,2.1,2.65,2310.0,9.73,0.45,18413472,241885,1651500,1893384,,,,,
Odontoceti,Ziphiidae,Ziphius,cavirostris,6.6,2900,46,0.0,2.31,106,0.76,0.45,2936601,1563990,2290560,3854550,,,,,
Odontoceti,Ziphiidae,Ziphius,cavirostris,6.6,2900,1183,0.0,2.31,2733,20.33,0.45,75521726,1424255,2290560,3714815,,,,,
Odontoceti,Ziphiidae,Ziphius,cavirostris,6.6,2900,154,16.8,3.08,474,3.53,0.45,13108308,1424255,2290560,3714815,,,,,
Odontoceti,Ziphiidae,Ziphius,cavirostris,6.6,2900,631,0.1,4.53,2859,21.27,0.45,79004239,1424255,2290560,3714815,,,,,
Odontoceti,Ziphiidae,Ziphius,cavirostris,6.6,2900,259,30.5,3.78,1197,8.91,0.45,33081844,1424255,2290560,3714815,,,,,
Odontoceti,Ziphiidae,Ziphius,cavirostris,6.6,2900,64,4.8,2.65,490,3.65,0.45,13555147,1424255,2290560,3714815,,,,,
Odontoceti,Ziphiidae,Ziphius,cavirostris,6.6,2900,1675,1.2,4.01,3766,28.02,0.45,104085398,1424255,2290560,3714815,,,,,
Odontoceti,Ziphiidae,Ziphius,cavirostris,6.6,2900,2257,0.8,3.78,3134,23.31,0.45,86600722,1424255,2290560,3714815,,,,,
Odontoceti,Ziphiidae,Ziphius,cavirostris,6.6,2900,1729,0.0,3.08,5325,39.62,0.45,147170544,1424255,2290560,3714815,,,,,
Odontoceti,Ziphiidae,Ziphius,cavirostris,6.6,2900,802,0.0,2.31,1853,13.78,0.45,51199006,1424255,2290560,3714815,,,,,
Odontoceti,Ziphiidae,Ziphius,cavirostris,6.6,2900,221,0.6,2.31,510,3.80,0.45,14105826,1424255,2290560,3714815,,,,,
Odontoceti,Ziphiidae,Ziphius,cavirostris,6.6,2900,272,4.2,1.82,183,1.36,0.45,5047214,1424255,2290560,3714815,,,,,
Odontoceti,Ziphiidae,Ziphius,cavirostris,6.6,2900,79,32.3,1.69,138,1.03,0.45,3807902,1424255,2290560,3714815,,,,,
Odontoceti,Ziphiidae,Ziphius,cavirostris,6.6,2900,181,8.8,2.31,418,3.11,0.45,11554888,1424255,2290560,3714815,,,,,
Odontoceti,Ziphiidae,Ziphius,cavirostris,6.6,2900,87,0.0,3.77,328,2.44,0.45,9064332,1424255,2290560,3714815,,,,,
Odontoceti,Ziphiidae,Ziphius,cavirostris,6.6,2900,65,0.0,3.77,244,1.82,0.45,6751364,1424255,2290560,3714815,,,,,
,Balaenidae,Eubalaena,glacialis,11.6,34100,,21.9,,,2.41,0.45,3032464,,,1260467,,,,,
,Balaenidae,Eubalaena,glacialis,11.6,34100,,32.8,,,6.46,0.45,8140386,,,1260467,,,,,
,Balaenidae,Eubalaena,glacialis,11.6,34100,,15.6,,,10.51,0.45,13248308,,,1260467,,,,,
,Balaenidae,Eubalaena,glacialis,11.6,34100,,9.4,,,14.56,0.45,18356230,,,1260467,,,,,
,Balaenidae,Eubalaena,glacialis,11.6,34100,,12.5,,,18.62,0.45,23464152,,,1260467,,,,,
,Balaenidae,Eubalaena,glacialis,11.6,34100,,4.7,,,22.67,0.45,28572074,,,1260467,,,,,
,Balaenidae,Eubalaena,glacialis,11.6,34100,,3.1,,,46.98,0.45,59221551,,,1260467,,,,,
,Balaenidae,Balaena,mysticetus,11.7,22600,,5.0,,,4.37,0.45,8981904,,,2055519,,,,,
,Balaenidae,Balaena,mysticetus,11.7,22600,,25.0,,,4.98,0.45,10241955,,,2055519,,,,,
,Balaenidae,Balaena,mysticetus,11.7,22600,,40.0,,,5.60,0.45,11502006,,,2055519,,,,,
,Balaenidae,Balaena,mysticetus,11.7,22600,,25.0,,,6.21,0.45,12762057,,,2055519,,,,,
,Balaenidae,Balaena,mysticetus,11.7,22600,,5.0,,,6.82,0.45,14022109,,,2055519,,,,,
,Balaenidae,Eubalaena,glacialis,11.6,34100,,21.9,,,1.27,0.61,3032464,,,2382975,,,,,
,Balaenidae,Eubalaena,glacialis,11.6,34100,,32.8,,,3.42,0.61,8140386,,,2382975,,,,,
,Balaenidae,Eubalaena,glacialis,11.6,34100,,15.6,,,5.56,0.61,13248308,,,2382975,,,,,
,Balaenidae,Eubalaena,glacialis,11.6,34100,,9.4,,,7.70,0.61,18356230,,,2382975,,,,,
,Balaenidae,Eubalaena,glacialis,11.6,34100,,12.5,,,9.85,0.61,23464152,,,2382975,,,,,
,Balaenidae,Eubalaena,glacialis,11.6,34100,,4.7,,,11.99,0.61,28572074,,,2382975,,,,,
,Balaenidae,Eubalaena,glacialis,11.6,34100,,3.1,,,24.85,0.61,59221551,,,2382975,,,,,
,Balaenidae,Balaena,mysticetus,11.7,22600,,5.0,,,2.40,0.61,8981904,,,3738782,,,,,
,Balaenidae,Balaena,mysticetus,11.7,22600,,25.0,,,2.74,0.61,10241955,,,3738782,,,,,
,Balaenidae,Balaena,mysticetus,11.7,22600,,40.0,,,3.08,0.61,11502006,,,3738782,,,,,
,Balaenidae,Balaena,mysticetus,11.7,22600,,25.0,,,3.41,0.61,12762057,,,3738782,,,,,
,Balaenidae,Balaena,mysticetus,11.7,22600,,5.0,,,3.75,0.61,14022109,,,3738782,,,,,
,Balaenidae,Eubalaena,glacialis,11.6,34100,,21.9,,,0.77,0.68,3032464,,,3945425,,,,,
,Balaenidae,Eubalaena,glacialis,11.6,34100,,32.8,,,2.06,0.68,8140386,,,3945425,,,,,
,Balaenidae,Eubalaena,glacialis,11.6,34100,,15.6,,,3.36,0.68,13248308,,,3945425,,,,,
,Balaenidae,Eubalaena,glacialis,11.6,34100,,9.4,,,4.65,0.68,18356230,,,3945425,,,,,
,Balaenidae,Eubalaena,glacialis,11.6,34100,,12.5,,,5.95,0.68,23464152,,,3945425,,,,,
,Balaenidae,Eubalaena,glacialis,11.6,34100,,4.7,,,7.24,0.68,28572074,,,3945425,,,,,
,Balaenidae,Eubalaena,glacialis,11.6,34100,,3.1,,,15.01,0.68,59221551,,,3945425,,,,,
,Balaenidae,Balaena,mysticetus,11.7,22600,,5.0,,,1.48,0.68,8981904,,,6081762,,,,,
,Balaenidae,Balaena,mysticetus,11.7,22600,,25.0,,,1.68,0.68,10241955,,,6081762,,,,,
,Balaenidae,Balaena,mysticetus,11.7,22600,,40.0,,,1.89,0.68,11502006,,,6081762,,,,,
,Balaenidae,Balaena,mysticetus,11.7,22600,,25.0,,,2.10,0.68,12762057,,,6081762,,,,,
,Balaenidae,Balaena,mysticetus,11.7,22600,,5.0,,,2.31,0.68,14022109,,,6081762,,,,,
,Balaenidae,Eubalaena,glacialis,11.6,34100,,21.9,,,0.42,0.75,3032464,,,7304606,,,,,
,Balaenidae,Eubalaena,glacialis,11.6,34100,,32.8,,,1.11,0.75,8140386,,,7304606,,,,,
,Balaenidae,Eubalaena,glacialis,11.6,34100,,15.6,,,1.81,0.75,13248308,,,7304606,,,,,
,Balaenidae,Eubalaena,glacialis,11.6,34100,,9.4,,,2.51,0.75,18356230,,,7304606,,,,,
,Balaenidae,Eubalaena,glacialis,11.6,34100,,12.5,,,3.21,0.75,23464152,,,7304606,,,,,
,Balaenidae,Eubalaena,glacialis,11.6,34100,,4.7,,,3.91,0.75,28572074,,,7304606,,,,,
,Balaenidae,Eubalaena,glacialis,11.6,34100,,3.1,,,8.11,0.75,59221551,,,7304606,,,,,
,Balaenidae,Balaena,mysticetus,11.7,22600,,5.0,,,0.81,0.75,8981904,,,11119040,,,,,
,Balaenidae,Balaena,mysticetus,11.7,22600,,25.0,,,0.92,0.75,10241955,,,11119040,,,,,
,Balaenidae,Balaena,mysticetus,11.7,22600,,40.0,,,1.03,0.75,11502006,,,11119040,,,,,
,Balaenidae,Balaena,mysticetus,11.7,22600,,25.0,,,1.15,0.75,12762057,,,11119040,,,,,
,Balaenidae,Balaena,mysticetus,11.7,22600,,5.0,,,1.26,0.75,14022109,,,11119040,,,,,