ID,Grouping,Group,Species,TADL (min),O2 store,Prey W (g),Prey E  (kJ),logPreyE,E feeding (kJ),logE feeding,Eff_max,logEff_max),TL (m),Mc (kg),# dives,MXD (m),Depth (m),DT_max (min),DT_max-TADL,DT_max-TADL+25,log of that,DT_med (min),BTM_max (min),BTM_med (min),BTM_max/DT,BTM_med/DT,FE_max,FE_med,FE/DT max,FE/DT med,ST_max (min),ST_med (min),log FE max
gg11_216a,Delphinidae+Phocenidae,Odontocete,Grampus_griseus,9,23,104,277,2.44,1.10,0.04,2.822109796,0.45,3,350,39,493.97,107.33,10.32,1.32,26.32,1.42,5.19,6.36,2.85,0.89,0.50,32,7,4.62,1.29,8.12,2.69,1.51
gg11_264a,Delphinidae+Phocenidae,Odontocete,Grampus_griseus,9,23,104,277,2.44,1.10,0.04,2.822109796,0.45,3,350,6,555.66,231.32,9.16,0.16,25.16,1.40,5.64,3.05,1.74,0.56,0.24,7,3.5,0.91,0.64,224.17,5.74,0.85
gg11_265a,Delphinidae+Phocenidae,Odontocete,Grampus_griseus,9,23,104,277,2.44,1.10,0.04,2.822109796,0.45,3,350,41,226.84,117.69,8.06,-0.94,24.06,1.38,4.11,3.77,1.31,0.69,0.33,13,4,3.9,0.92,30.71,1.31,1.11
gg13_190a,Delphinidae+Phocenidae,Odontocete,Grampus_griseus,9,23,104,277,2.44,1.10,0.04,2.822109796,0.45,3,350,9,139.45,60.86,3.68,-5.32,19.68,1.29,2.49,1.61,0.43,0.63,0.21,8,2,3.14,1.21,241.86,0.78,0.90
gg13_204b,Delphinidae+Phocenidae,Odontocete,Grampus_griseus,9,23,104,277,2.44,1.10,0.04,2.822109796,0.45,3,350,1,123.36,123.36,4.32,-4.68,20.32,1.31,4.32,0.06,0.06,0.01,0.01,1,1,0.23,0.23,4.04,4.04,0.00
gg13_212a,Delphinidae+Phocenidae,Odontocete,Grampus_griseus,9,23,104,277,2.44,1.10,0.04,2.822109796,0.45,3,350,3,122.85,96.12,5.54,-3.47,21.54,1.33,5.15,0.47,0.03,0.08,0.01,2,1,0.4,0.36,1.40,1.24,0.30
gg13_255a,Delphinidae+Phocenidae,Odontocete,Grampus_griseus,9,23,104,277,2.44,1.10,0.04,2.822109796,0.45,3,350,2,127.71,115.09,6.29,-2.71,22.29,1.35,6.20,3.61,2.99,0.59,0.48,6,5.5,0.98,0.89,1.29,1.26,0.78
gg13_261a,Delphinidae+Phocenidae,Odontocete,Grampus_griseus,9,23,104,277,2.44,1.10,0.04,2.822109796,0.45,3,350,11,278.64,196.73,7.62,-1.38,23.62,1.37,5.80,4.15,0.40,0.62,0.07,9,4,1.52,0.61,20.01,6.49,0.95
gg13_262a,Delphinidae+Phocenidae,Odontocete,Grampus_griseus,9,23,104,277,2.44,1.10,0.04,2.822109796,0.45,3,350,19,82.46,72.09,4.31,-4.69,20.31,1.31,3.96,3.49,2.67,0.81,0.71,29,16,6.74,4.27,81.58,1.34,1.46
gg13_262b,Delphinidae+Phocenidae,Odontocete,Grampus_griseus,9,23,104,277,2.44,1.10,0.04,2.822109796,0.45,3,350,28,248.87,176.23,9.37,0.37,25.37,1.40,5.68,7.16,3.76,0.81,0.67,23,13,4.17,2.29,3.27,1.61,1.36
gg13_262c,Delphinidae+Phocenidae,Odontocete,Grampus_griseus,9,23,104,277,2.44,1.10,0.04,2.822109796,0.45,3,350,10,231.33,49.78,6.45,-2.55,22.45,1.35,3.05,3.69,0.72,0.79,0.22,41,2,8.75,0.63,113.98,2.29,1.61
gg13_264a,Delphinidae+Phocenidae,Odontocete,Grampus_griseus,9,23,104,277,2.44,1.10,0.04,2.822109796,0.45,3,350,5,141.87,108.79,5.37,-3.63,21.37,1.33,5.13,2.61,1.56,0.57,0.30,7,4,1.54,0.77,4.55,1.79,0.85
gg13_266b,Delphinidae+Phocenidae,Odontocete,Grampus_griseus,9,23,104,277,2.44,1.10,0.04,2.822109796,0.45,3,350,10,386.08,91.44,7.38,-1.62,23.38,1.37,3.18,2.86,2.05,0.81,0.43,11,4.5,2.03,1.45,5.62,1.63,1.04
gg14_223a,Delphinidae+Phocenidae,Odontocete,Grampus_griseus,9,23,104,277,2.44,1.10,0.04,2.822109796,0.45,3,350,17,258.84,106.88,4.76,-4.24,20.76,1.32,3.31,2.22,1.33,0.70,0.35,7,4,2.64,1.41,13.00,2.22,0.85
gg14_253a,Delphinidae+Phocenidae,Odontocete,Grampus_griseus,9,23,104,277,2.44,1.10,0.04,2.822109796,0.45,3,350,6,257.18,76.20,6.19,-2.81,22.19,1.35,3.29,3.59,1.60,0.65,0.48,6,4,1.38,0.99,10.19,5.23,0.78
gg16_230a,Delphinidae+Phocenidae,Odontocete,Grampus_griseus,9,23,104,277,2.44,1.10,0.04,2.822109796,0.45,3,350,6,218.89,164.82,4.50,-4.50,20.50,1.31,3.62,2.08,0.26,0.46,0.09,6,3.5,1.34,1.13,32.23,1.81,0.78
gg16_237a,Delphinidae+Phocenidae,Odontocete,Grampus_griseus,9,23,104,277,2.44,1.10,0.04,2.822109796,0.45,3,350,3,148.80,131.55,5.30,-3.70,21.30,1.33,4.93,0.83,0.77,0.16,0.16,6,3,1.22,0.66,4.32,2.13,0.78
gm12_207a,Delphinidae+Phocenidae,Odontocete,Globicephala_melas,12.5,79,150,602,2.78,8.11,0.91,1.230531156,0.09,5,1200,13,712.79,624.22,12.90,0.40,25.40,1.40,11.42,7.54,5.23,0.65,0.46,15,9,1.2,0.82,58.61,12.10,1.18
gm12_217a,Delphinidae+Phocenidae,Odontocete,Globicephala_melas,12.5,79,150,602,2.78,8.11,0.91,1.230531156,0.09,5,1200,15,653.14,597.74,13.64,1.14,26.14,1.42,12.15,7.57,4.09,0.56,0.39,18,7,1.32,0.66,187.00,8.39,1.26
gm12_224d,Delphinidae+Phocenidae,Odontocete,Globicephala_melas,12.5,79,150,602,2.78,8.11,0.91,1.230531156,0.09,5,1200,16,892.18,582.13,14.86,2.36,27.36,1.44,13.32,6.95,5.22,0.52,0.38,9,2.5,0.63,0.185,53.21,5.94,0.95
gm12_229b,Delphinidae+Phocenidae,Odontocete,Globicephala_melas,12.5,79,150,602,2.78,8.11,0.91,1.230531156,0.09,5,1200,4,631.84,621.74,13.38,0.88,25.88,1.41,11.34,5.42,3.32,0.41,0.29,16,12.5,1.35,1.025,31.53,8.06,1.20
gm12_242a,Delphinidae+Phocenidae,Odontocete,Globicephala_melas,12.5,79,150,602,2.78,8.11,0.91,1.230531156,0.09,5,1200,7,791.18,671.74,13.79,1.29,26.29,1.42,13.18,6.80,5.83,0.50,0.44,14,13,1.13,0.99,50.56,18.25,1.15
gm13_008a,Delphinidae+Phocenidae,Odontocete,Globicephala_melas,12.5,79,150,602,2.78,8.11,0.91,1.230531156,0.09,5,1200,26,739.16,569.10,14.20,1.70,26.70,1.43,10.80,8.55,4.17,0.71,0.41,14,8,1.54,0.755,15.66,4.92,1.15
gm13_030a,Delphinidae+Phocenidae,Odontocete,Globicephala_melas,12.5,79,150,602,2.78,8.11,0.91,1.230531156,0.09,5,1200,16,709.94,472.21,16.08,3.58,28.58,1.46,11.21,7.75,3.22,0.69,0.29,14,4,0.87,0.36,10.50,6.00,1.15
gm15_248a,Delphinidae+Phocenidae,Odontocete,Globicephala_melas,12.5,79,150,602,2.78,8.11,0.91,1.230531156,0.09,5,1200,3,780.69,643.87,12.81,0.31,25.31,1.40,12.71,5.55,5.03,0.43,0.43,6,6,0.47,0.47,8.37,7.21,0.78
gm15_265a,Delphinidae+Phocenidae,Odontocete,Globicephala_melas,12.5,79,150,602,2.78,8.11,0.91,1.230531156,0.09,5,1200,10,709.10,671.54,15.69,3.19,28.19,1.45,14.66,7.64,6.26,0.49,0.44,13,10,0.83,0.71,362.74,6.35,1.11
pw15_188a,Delphinidae+Phocenidae,Odontocete,Globicephala_macrorhynchus,11.9,65,150,602,2.78,54.31,1.73,1.359820922,0.13,4.3,980,3,877.22,850.24,18.15,6.25,31.25,1.49,18.05,10.17,8.57,0.57,0.47,4,4,0.22,0.22,8.84,7.07,0.60
pw15_188b,Delphinidae+Phocenidae,Odontocete,Globicephala_macrorhynchus,11.9,65,150,602,2.78,54.31,1.73,1.359820922,0.13,4.3,980,2,690.31,682.99,14.55,2.65,27.65,1.44,14.29,4.55,3.89,0.32,0.27,7,5.5,0.5,0.385,8.59,6.98,0.85
oo10_251m,Delphinidae+Phocenidae,Odontocete,Orcinus_orca,11.8,148,8500,12445,4.10,195.60,2.29,5.003218173,0.70,6,3000,4,165.02,142.73,4.36,-7.44,17.56,1.24,3.50,1.77,0.42,0.56,0.11,3,1.5,0.95,0.465,7.60,4.35,0.48
oo10_265m,Delphinidae+Phocenidae,Odontocete,Orcinus_orca,11.8,148,8500,12445,4.10,195.60,2.29,5.003218173,0.70,6,3000,23,198.08,130.08,8.43,-3.37,21.63,1.34,3.89,5.81,1.68,0.75,0.40,12,4,2.73,1.18,10.51,1.59,1.08
oo12_251m,Delphinidae+Phocenidae,Odontocete,Orcinus_orca,11.8,148,8500,12445,4.10,195.60,2.29,5.003218173,0.70,6,3000,3,121.01,108.39,7.14,-4.66,20.34,1.31,5.81,2.58,0.89,0.36,0.28,11,2,1.54,0.62,6.00,1.04,1.04
oo12_254m,Delphinidae+Phocenidae,Odontocete,Orcinus_orca,11.8,148,8500,12445,4.10,195.60,2.29,5.003218173,0.70,6,3000,9,348.94,121.68,7.13,-4.67,20.33,1.31,3.87,3.14,0.45,0.44,0.17,9,3,1.26,0.78,14.75,2.71,0.95
oo12_261m,Delphinidae+Phocenidae,Odontocete,Orcinus_orca,11.8,148,8500,12445,4.10,195.60,2.29,5.003218173,0.70,6,3000,2,89.49,72.51,3.26,-8.54,16.46,1.22,2.60,0.01,0.01,0.00,0.00,1,1,0.52,0.415,2.22,1.18,0.00
oo12_266m,Delphinidae+Phocenidae,Odontocete,Orcinus_orca,11.8,148,8500,12445,4.10,195.60,2.29,5.003218173,0.70,6,3000,7,155.04,121.44,7.36,-4.44,20.56,1.31,4.39,4.18,2.09,0.70,0.44,6,5,1.14,0.68,7.16,3.23,0.78
oo14_249m,Delphinidae+Phocenidae,Odontocete,Orcinus_orca,11.8,148,8500,12445,4.10,195.60,2.29,5.003218173,0.70,6,3000,9,183.22,123.96,5.54,-6.26,18.74,1.27,4.22,3.30,0.75,0.60,0.25,6,4,1.45,0.72,11.72,4.90,0.78
oo14_263m,Delphinidae+Phocenidae,Odontocete,Orcinus_orca,11.8,148,8500,12445,4.10,195.60,2.29,5.003218173,0.70,6,3000,4,211.56,192.27,8.85,-2.95,22.05,1.34,4.76,0.54,0.14,0.11,0.03,2,1.5,0.46,0.33,7.38,4.07,0.30
oo14_264m,Delphinidae+Phocenidae,Odontocete,Orcinus_orca,11.8,148,8500,12445,4.10,195.60,2.29,5.003218173,0.70,6,3000,3,154.76,145.05,7.65,-4.15,20.85,1.32,6.81,4.65,4.21,0.68,0.55,13,9,1.7,1.32,6.49,3.40,1.11
oo14_266m,Delphinidae+Phocenidae,Odontocete,Orcinus_orca,11.8,148,8500,12445,4.10,195.60,2.29,5.003218173,0.70,6,3000,12,175.96,107.38,7.23,-4.57,20.43,1.31,4.95,5.66,1.60,0.81,0.41,12,3.5,2.43,1,5.85,3.45,1.08
hp12_272a,Delphinidae+Phocenidae,Odontocete,Phocoena_phocoena,4.5,1.9,2.39,11,1.02,0.30,-0.53,3.14,0.50,1.22,31,477,22.48,7.10,2.06,-2.44,22.56,1.35,0.59,1.44,0.23,0.89,0.44,16,3,19.92,5.51,3.04,0.17,1.20
hp12_293a,Delphinidae+Phocenidae,Odontocete,Phocoena_phocoena,4.5,1.9,2.39,11,1.02,0.30,-0.53,3.14,0.50,1.63,68,351,49.80,15.38,2.70,-1.80,23.20,1.37,0.87,1.87,0.22,0.92,0.29,15,2,16.5,2.69,3.76,0.50,1.18
hp13_102a,Delphinidae+Phocenidae,Odontocete,Phocoena_phocoena,4.5,1.9,2.39,11,1.02,0.30,-0.53,3.14,0.50,1.14,27,514,18.13,7.26,2.54,-1.96,23.04,1.36,0.70,1.80,0.47,0.99,0.72,18,5,20.89,8.88,3.07,0.40,1.26
hp13_170a,Delphinidae+Phocenidae,Odontocete,Phocoena_phocoena,4.5,1.9,2.39,11,1.02,0.30,-0.53,3.14,0.50,1.22,32,285,26.00,14.46,3.52,-0.98,24.02,1.38,1.79,3.35,0.83,0.99,0.55,22,2,11.11,1.69,3.76,0.50,1.34
hp14_226b,Delphinidae+Phocenidae,Odontocete,Phocoena_phocoena,4.5,1.9,2.39,11,1.02,0.30,-0.53,3.14,0.50,1.26,34,688,26.89,10.18,2.26,-2.24,22.76,1.36,0.93,1.88,0.50,0.95,0.60,24,4,22.92,4.39,6.94,0.41,1.38
hp15_117a,Delphinidae+Phocenidae,Odontocete,Phocoena_phocoena,4.5,1.9,2.39,11,1.02,0.30,-0.53,3.14,0.50,1.7,76,257,26.01,11.59,2.01,-2.49,22.51,1.35,0.77,1.48,0.21,0.88,0.30,10,2,9.41,2.56,8.69,0.41,1.00
hp16_264a,Delphinidae+Phocenidae,Odontocete,Phocoena_phocoena,4.5,1.9,2.39,11,1.02,0.30,-0.53,3.14,0.50,1.63,68,180,21.06,6.43,2.20,-2.30,22.70,1.36,0.87,1.48,0.32,0.91,0.44,7,2,10.71,1.96,10.59,0.25,0.85
hp16_316a,Delphinidae+Phocenidae,Odontocete,Phocoena_phocoena,4.5,1.9,2.39,11,1.02,0.30,-0.53,3.14,0.50,1.13,26,1162,61.28,9.94,1.68,-2.82,22.18,1.35,0.74,1.24,0.45,0.98,0.62,26,4,30.76,5.45,46.55,0.57,1.41
sw14_092a,Physeteridae+Ziphiidae,Odontocete,Physeter_macrocephalus,23.4,1299,1000,2650,3.42,714.64,2.85,0.744006073,-0.13,13,21500,2,993.27,971.20,52.57,29.17,54.17,1.73,52.10,35.25,33.60,0.67,0.64,20,18,0.38,0.345,12.66,11.79,1.30
sw14_106a,Physeteridae+Ziphiidae,Odontocete,Physeter_macrocephalus,23.4,1299,1000,2650,3.42,714.64,2.85,0.744006073,-0.13,13,21500,5,1078.07,904.44,56.42,33.02,58.02,1.76,52.04,41.28,33.57,0.74,0.63,22,18,0.39,0.34,8.78,8.13,1.34
sw14_106b,Physeteridae+Ziphiidae,Odontocete,Physeter_macrocephalus,23.4,1299,1000,2650,3.42,714.64,2.85,0.744006073,-0.13,13,21500,7,843.94,554.17,42.53,19.13,44.13,1.64,40.18,29.38,22.40,0.70,0.54,16,9,0.4,0.23,124.16,11.92,1.20
sw14_114a,Physeteridae+Ziphiidae,Odontocete,Physeter_macrocephalus,23.4,1299,1000,2650,3.42,714.64,2.85,0.744006073,-0.13,13,21500,6,813.29,709.61,48.70,25.30,50.30,1.70,46.42,32.41,29.45,0.70,0.64,14,12,0.3,0.26,64.44,12.32,1.15
sw14_114b,Physeteridae+Ziphiidae,Odontocete,Physeter_macrocephalus,23.4,1299,1000,2650,3.42,714.64,2.85,0.744006073,-0.13,13,21500,6,895.84,853.53,61.40,38.00,63.00,1.80,54.31,45.91,39.00,0.80,0.71,27,22.5,0.47,0.41,8.55,7.44,1.43
sw14_119a,Physeteridae+Ziphiidae,Odontocete,Physeter_macrocephalus,23.4,1299,1000,2650,3.42,714.64,2.85,0.744006073,-0.13,13,21500,8,909.20,860.21,47.57,24.17,49.17,1.69,46.73,31.95,28.77,0.68,0.62,21,17.5,0.44,0.385,11.96,10.47,1.32
sw14_119b,Physeteridae+Ziphiidae,Odontocete,Physeter_macrocephalus,23.4,1299,1000,2650,3.42,714.64,2.85,0.744006073,-0.13,13,21500,7,935.83,786.19,61.30,37.90,62.90,1.80,53.56,43.87,33.49,0.73,0.58,21,15,0.35,0.26,9.91,8.76,1.32
sw15_061a,Physeteridae+Ziphiidae,Odontocete,Physeter_macrocephalus,23.4,1299,1000,2650,3.42,714.64,2.85,0.744006073,-0.13,13,21500,4,778.74,727.94,47.69,24.29,49.29,1.69,42.46,33.53,29.08,0.71,0.68,21,16,0.44,0.37,12.89,12.56,1.32
sw15_061b,Physeteridae+Ziphiidae,Odontocete,Physeter_macrocephalus,23.4,1299,1000,2650,3.42,714.64,2.85,0.744006073,-0.13,13,21500,6,1049.87,921.16,51.17,27.77,52.77,1.72,48.14,40.00,31.06,0.80,0.65,40,16.5,0.8,0.36,23.73,10.28,1.60
sw15_061c,Physeteridae+Ziphiidae,Odontocete,Physeter_macrocephalus,23.4,1299,1000,2650,3.42,714.64,2.85,0.744006073,-0.13,13,21500,6,831.59,751.60,48.63,25.23,50.23,1.70,45.60,29.52,27.71,0.63,0.60,18,13.5,0.38,0.29,23.07,11.69,1.26
sw15_078a,Physeteridae+Ziphiidae,Odontocete,Physeter_macrocephalus,23.4,1299,1000,2650,3.42,714.64,2.85,0.744006073,-0.13,13,21500,7,876.87,781.22,49.80,26.40,51.40,1.71,48.28,35.58,30.60,0.71,0.66,24,21,0.53,0.43,10.43,9.54,1.38
sw15_078b,Physeteridae+Ziphiidae,Odontocete,Physeter_macrocephalus,23.4,1299,1000,2650,3.42,714.64,2.85,0.744006073,-0.13,13,21500,2,675.86,666.41,51.87,28.47,53.47,1.73,49.17,33.18,31.72,0.65,0.65,16,15.5,0.34,0.315,7.30,7.23,1.20
sw15_078c,Physeteridae+Ziphiidae,Odontocete,Physeter_macrocephalus,23.4,1299,1000,2650,3.42,714.64,2.85,0.744006073,-0.13,13,21500,9,942.59,798.44,49.26,25.86,50.86,1.71,45.36,34.41,29.30,0.70,0.64,21,15,0.46,0.33,12.98,9.57,1.32
sw15_078d,Physeteridae+Ziphiidae,Odontocete,Physeter_macrocephalus,23.4,1299,1000,2650,3.42,714.64,2.85,0.744006073,-0.13,13,21500,14,1038.76,802.00,55.35,31.95,56.95,1.76,47.91,40.67,33.58,0.76,0.69,23,20,0.47,0.385,10.95,8.41,1.36
sw15_085a,Physeteridae+Ziphiidae,Odontocete,Physeter_macrocephalus,23.4,1299,1000,2650,3.42,714.64,2.85,0.744006073,-0.13,13,21500,6,853.16,814.32,46.55,23.15,48.15,1.68,40.69,27.26,20.88,0.61,0.51,22,15.5,0.58,0.38,91.35,26.86,1.34
sw15_090a,Physeteridae+Ziphiidae,Odontocete,Physeter_macrocephalus,23.4,1299,1000,2650,3.42,714.64,2.85,0.744006073,-0.13,13,21500,7,1026.15,892.04,56.53,33.13,58.13,1.76,53.65,40.54,36.78,0.72,0.69,25,16,0.44,0.32,146.21,15.57,1.40
sw15_090b,Physeteridae+Ziphiidae,Odontocete,Physeter_macrocephalus,23.4,1299,1000,2650,3.42,714.64,2.85,0.744006073,-0.13,13,21500,6,948.14,917.69,59.99,36.59,61.59,1.79,51.42,43.12,31.91,0.72,0.62,23,15.5,0.38,0.3,146.22,15.76,1.36
sw15_090c,Physeteridae+Ziphiidae,Odontocete,Physeter_macrocephalus,23.4,1299,1000,2650,3.42,714.64,2.85,0.744006073,-0.13,13,21500,5,940.53,921.46,60.28,36.88,61.88,1.79,57.52,41.87,37.53,0.71,0.68,19,18,0.37,0.32,124.21,10.96,1.28
sw15_091a,Physeteridae+Ziphiidae,Odontocete,Physeter_macrocephalus,23.4,1299,1000,2650,3.42,714.64,2.85,0.744006073,-0.13,13,21500,8,969.53,861.99,44.41,21.01,46.01,1.66,40.11,26.64,21.55,0.60,0.53,14,11,0.34,0.285,18.52,10.72,1.15
sw15_091b,Physeteridae+Ziphiidae,Odontocete,Physeter_macrocephalus,23.4,1299,1000,2650,3.42,714.64,2.85,0.744006073,-0.13,13,21500,6,974.11,914.60,53.57,30.17,55.17,1.74,51.88,36.56,32.04,0.69,0.61,17,16.5,0.33,0.32,11.59,10.25,1.23
sw15_097a,Physeteridae+Ziphiidae,Odontocete,Physeter_macrocephalus,23.4,1299,1000,2650,3.42,714.64,2.85,0.744006073,-0.13,13,21500,6,982.37,829.24,49.35,25.95,50.95,1.71,48.04,33.86,30.94,0.69,0.64,18,15.5,0.37,0.31,9.85,9.42,1.26
sw15_100a,Physeteridae+Ziphiidae,Odontocete,Physeter_macrocephalus,23.4,1299,1000,2650,3.42,714.64,2.85,0.744006073,-0.13,13,21500,3,812.95,777.61,49.73,26.33,51.33,1.71,47.31,28.35,22.66,0.57,0.54,15,10,0.3,0.24,56.30,32.24,1.18
sw15_100b,Physeteridae+Ziphiidae,Odontocete,Physeter_macrocephalus,23.4,1299,1000,2650,3.42,714.64,2.85,0.744006073,-0.13,13,21500,7,856.16,824.67,46.43,23.03,48.03,1.68,42.96,29.00,23.91,0.62,0.55,17,12,0.37,0.27,160.43,10.92,1.23
sw16_103a,Physeteridae+Ziphiidae,Odontocete,Physeter_macrocephalus,23.4,1299,1000,2650,3.42,714.64,2.85,0.744006073,-0.13,13,21500,6,894.95,823.50,56.44,33.04,58.04,1.76,48.58,40.73,30.83,0.72,0.63,19,16.5,0.39,0.33,14.89,12.90,1.28
sw16_133a,Physeteridae+Ziphiidae,Odontocete,Physeter_macrocephalus,23.4,1299,1000,2650,3.42,714.64,2.85,0.744006073,-0.13,13,21500,6,865.91,632.31,49.45,26.05,51.05,1.71,47.25,35.07,33.16,0.71,0.70,24,19,0.51,0.395,10.73,8.97,1.38
sw16_134a,Physeteridae+Ziphiidae,Odontocete,Physeter_macrocephalus,23.4,1299,1000,2650,3.42,714.64,2.85,0.744006073,-0.13,13,21500,4,722.15,643.69,52.04,28.64,53.64,1.73,49.18,36.22,34.21,0.70,0.69,24,21.5,0.49,0.465,9.84,9.12,1.38
sw10_242a,Physeteridae+Ziphiidae,Odontocete,Physeter_macrocephalus,23.4,1299,1000,2650,3.42,714.64,2.85,0.744006073,-0.13,13,21500,19,379.47,304.62,39.41,16.01,41.01,1.61,31.18,30.38,10.39,0.82,0.41,17,3,0.46,0.1,14.50,7.76,1.23
sw10_248a,Physeteridae+Ziphiidae,Odontocete,Physeter_macrocephalus,23.4,1299,1000,2650,3.42,714.64,2.85,0.744006073,-0.13,13,21500,8,522.30,292.24,45.06,21.66,46.66,1.67,28.58,37.49,18.73,0.83,0.66,28,10,0.62,0.365,10.86,9.12,1.45
sw05_196a,Physeteridae+Ziphiidae,Odontocete,Physeter_macrocephalus,23.4,1299,1000,2650,3.42,714.64,2.85,0.744006073,-0.13,13,21500,28,552.17,167.77,37.80,14.40,39.40,1.60,30.23,31.99,17.42,0.85,0.57,11,4.5,0.34,0.175,74.15,9.50,1.04
sw05_199a,Physeteridae+Ziphiidae,Odontocete,Physeter_macrocephalus,23.4,1299,1000,2650,3.42,714.64,2.85,0.744006073,-0.13,13,21500,25,1601.68,159.49,50.38,26.98,51.98,1.72,33.02,37.93,16.47,0.85,0.52,29,4,0.58,0.15,9.35,6.68,1.46
sw05_199b,Physeteridae+Ziphiidae,Odontocete,Physeter_macrocephalus,23.4,1299,1000,2650,3.42,714.64,2.85,0.744006073,-0.13,13,21500,15,1861.78,201.19,56.60,33.20,58.20,1.76,28.35,36.91,19.28,0.82,0.59,40,6,0.75,0.21,105.39,6.78,1.60
sw05_199c,Physeteridae+Ziphiidae,Odontocete,Physeter_macrocephalus,23.4,1299,1000,2650,3.42,714.64,2.85,0.744006073,-0.13,13,21500,9,1812.44,1690.75,46.63,23.23,48.23,1.68,41.56,32.26,21.92,0.69,0.53,45,32,0.96,0.75,161.45,11.44,1.65
sw09_153a,Physeteridae+Ziphiidae,Odontocete,Physeter_macrocephalus,23.4,1299,1000,2650,3.42,714.64,2.85,0.744006073,-0.13,13,21500,14,349.57,165.52,35.06,11.66,36.66,1.56,29.88,24.93,14.17,0.82,0.59,9,4.5,0.33,0.17,7.53,6.76,0.95
sw10_147a,Physeteridae+Ziphiidae,Odontocete,Physeter_macrocephalus,23.4,1299,1000,2650,3.42,714.64,2.85,0.744006073,-0.13,13,21500,17,683.47,570.41,36.62,13.22,38.22,1.58,28.84,19.84,13.16,0.67,0.42,12,8,0.42,0.27,14.84,10.91,1.08
sw10_149a,Physeteridae+Ziphiidae,Odontocete,Physeter_macrocephalus,23.4,1299,1000,2650,3.42,714.64,2.85,0.744006073,-0.13,13,21500,26,1122.19,209.17,42.24,18.84,43.84,1.64,28.05,33.63,7.94,0.89,0.31,10,3,0.28,0.09,12.44,7.48,1.00
sw10_150a,Physeteridae+Ziphiidae,Odontocete,Physeter_macrocephalus,23.4,1299,1000,2650,3.42,714.64,2.85,0.744006073,-0.13,13,28000,27,577.72,467.18,28.17,4.77,29.77,1.47,21.33,14.42,7.24,0.58,0.36,11,6,0.5,0.26,10.65,7.10,1.04
zc13_210a,Physeteridae+Ziphiidae,Odontocete,Ziphius_cavirostris,15.1,186,154,474,2.68,41.09,1.61,0.205005471,-0.69,6.6,2900,2,1768.79,1757.90,79.38,64.28,89.28,1.95,76.29,39.94,39.28,0.55,0.52,58,52,0.79,0.685,166.15,158.99,1.76
zc15_205a,Physeteridae+Ziphiidae,Odontocete,Ziphius_cavirostris,15.1,186,154,474,2.68,41.09,1.61,0.205005471,-0.69,6.6,2900,9,1752.13,1083.23,80.71,65.61,90.61,1.96,62.00,55.42,38.81,0.69,0.63,46,35,0.81,0.55,155.95,99.80,1.66
zc15_212b,Physeteridae+Ziphiidae,Odontocete,Ziphius_cavirostris,15.1,186,154,474,2.68,41.09,1.61,0.205005471,-0.69,6.6,2900,7,1714.34,1681.05,62.25,47.15,72.15,1.86,61.03,39.94,36.83,0.64,0.60,38,34,0.62,0.55,88.37,56.52,1.58
zc17_227a,Physeteridae+Ziphiidae,Odontocete,Ziphius_cavirostris,15.1,186,154,474,2.68,41.09,1.61,0.205005471,-0.69,6.6,2900,6,1536.08,1332.56,72.90,57.80,82.80,1.92,63.02,36.10,30.73,0.53,0.50,32,21.5,0.46,0.38,192.95,89.49,1.51
bb12_214a,Physeteridae+Ziphiidae,Odontocete,Berardius_bairdii,27.7,980,915,1532,3.19,53.03,1.72,0.800120811,-0.10,10.5,11900,2,1410.50,1177.75,79.88,52.18,77.18,1.89,67.77,54.43,39.15,0.68,0.56,41,35,0.52,0.515,395.09,395.09,1.61
md08_137a,Physeteridae+Ziphiidae,Odontocete,Mesoplodon_densirostris,14.1,69,122,207,2.32,1.44,0.16,0.370545761,-0.43,4.1,860,7,1330,911,65,50.90,75.90,1.88,48,38,28,0.79,0.58,49,35,1.02,0.73,,,1.69
md05_294a,Physeteridae+Ziphiidae,Odontocete,Mesoplodon_densirostris,14.1,69,122,207,2.32,1.44,0.16,0.370545761,-0.43,4.1,860,3,790,671,51,36.90,61.90,1.79,50,22,22,0.44,0.44,28,24,0.56,0.48,,,1.45
md03_284a,Physeteridae+Ziphiidae,Odontocete,Mesoplodon_densirostris,14.1,69,122,207,2.32,1.44,0.16,0.370545761,-0.43,4.1,860,5,616.00,616,57.00,42.90,67.90,1.83,51,31.00,26,0.61,0.51,44,26,0.86,0.51,,125.10,1.64
md03_298a,Physeteridae+Ziphiidae,Odontocete,Mesoplodon_densirostris,14.1,69,122,207,2.32,1.44,0.16,0.370545761,-0.43,4.1,860,2,815.00,774,48.00,33.90,58.90,1.77,47,27.00,25,0.57,0.53,27,23,0.57,0.49,,66.70,1.43
md08_289a,Physeteridae+Ziphiidae,Odontocete,Mesoplodon_densirostris,14.1,69,122,207,2.32,1.44,0.16,0.370545761,-0.43,4.1,860,7,963.00,710,57.00,42.90,67.90,1.83,44,32.00,23,0.73,0.52,34,21,0.77,0.48,,,1.53
md05_294b,Physeteridae+Ziphiidae,Odontocete,Mesoplodon_densirostris,14.1,69,122,207,2.32,1.44,0.16,0.370545761,-0.43,4.1,860,1,616.00,616,47.00,32.90,57.90,1.76,47,21.00,21,0.45,0.45,18,18,0.38,0.38,,,1.26
md04_287a,Physeteridae+Ziphiidae,Odontocete,Mesoplodon_densirostris,14.1,69,122,207,2.32,1.44,0.16,0.370545761,-0.43,4.1,860,4,1311.00,1003,55.00,40.90,65.90,1.82,44,33.00,28,0.75,0.64,37,32,0.84,0.73,,76.9,1.57
md08_136a,Physeteridae+Ziphiidae,Odontocete,Mesoplodon_densirostris,14.1,69,122,207,2.32,1.44,0.16,0.370545761,-0.43,4.1,860,2,784.00,781,52.00,37.90,62.90,1.80,48,27.00,24,0.56,0.50,27,23,0.56,0.48,,,1.43
md05_277a,Physeteridae+Ziphiidae,Odontocete,Mesoplodon_densirostris,14.1,69,122,207,2.32,1.44,0.16,0.370545761,-0.43,4.1,860,3,953.00,914,62.00,47.90,72.90,1.86,57,29.00,25,0.51,0.44,37,29,0.65,0.51,,,1.57
md05_285a,Physeteridae+Ziphiidae,Odontocete,Mesoplodon_densirostris,14.1,69,122,207,2.32,1.44,0.16,0.370545761,-0.43,4.1,860,4,1011.00,833,52.00,37.90,62.90,1.80,45,26.00,25,0.58,0.56,53,43,1.18,0.96,,,1.72
md08_142a,Physeteridae+Ziphiidae,Odontocete,Mesoplodon_densirostris,14.1,69,122,207,2.32,1.44,0.16,0.370545761,-0.43,4.1,860,1,807.00,807,47.00,32.90,57.90,1.76,47,20.00,20,0.43,0.43,11,11,0.23,0.23,,,1.04
md08_148a,Physeteridae+Ziphiidae,Odontocete,Mesoplodon_densirostris,14.1,69,122,207,2.32,1.44,0.16,0.370545761,-0.43,4.1,860,2,1024.00,932,64.00,49.90,74.90,1.87,58,31.00,27,0.53,0.47,37,34,0.64,0.59,,,1.57
md10_146a,Physeteridae+Ziphiidae,Odontocete,Mesoplodon_densirostris,14.1,69,122,207,2.32,1.44,0.16,0.370545761,-0.43,4.1,860,1,925.00,925,48.00,33.90,58.90,1.77,48,22.00,22,0.46,0.46,34,34,0.71,0.71,,,1.53
md10_161a,Physeteridae+Ziphiidae,Odontocete,Mesoplodon_densirostris,14.1,69,122,207,2.32,1.44,0.16,0.370545761,-0.43,4.1,860,8,915.00,834,51.00,36.90,61.90,1.79,41,29.00,22,0.71,0.54,29,18,0.71,0.44,,,1.46
ba-130213,Balaenopteridae,Rorqual,Balaenoptera_bonaerensis,12.6,291,268,1227,3.09,306.09,2.49,1.882482286,0.27,7.8,6700,169,104.88,34.04,9.37,-3.23,21.77,1.34,2.61,7.13,1.93,0.90,0.75,24,8,5.90,3.45,52.16,1.12,1.38
ba-130215,Balaenopteridae,Rorqual,Balaenoptera_bonaerensis,12.6,291,268,1227,3.09,306.09,2.49,1.882482286,0.27,7.8,6700,53,104.95,37.45,7.39,-5.21,19.79,1.30,3.01,6.47,2.03,0.89,0.71,20,9,5.42,3.00,89.41,1.51,1.30
bb180227-45,Balaenopteridae,Rorqual,Balaenoptera_bonaerensis,12.6,291,268,1227,3.09,306.09,2.49,1.882482286,0.27,7.8,6700,211,70.07,20.95,10.47,-2.13,22.87,1.36,1.35,5.86,0.76,0.77,0.43,9,2,3.16,1.55,35.72,0.87,0.95
bb180228-42,Balaenopteridae,Rorqual,Balaenoptera_bonaerensis,12.6,291,268,1227,3.09,306.09,2.49,1.882482286,0.27,7.8,6700,113,103.52,24.15,5.55,-7.05,17.95,1.25,1.49,2.76,0.77,0.80,0.54,8,3,4.35,2.29,93.70,0.99,0.90
bb180304-40,Balaenopteridae,Rorqual,Balaenoptera_bonaerensis,12.6,291,268,1227,3.09,306.09,2.49,1.882482286,0.27,7.8,6700,158,175.66,71.32,11.12,-1.48,23.52,1.37,3.81,4.80,1.80,0.78,0.54,10,4,4.47,1.35,122.49,1.58,1.00
bb180304-42,Balaenopteridae,Rorqual,Balaenoptera_bonaerensis,12.6,291,268,1227,3.09,306.09,2.49,1.882482286,0.27,7.8,6700,12,187.30,148.66,7.48,-5.12,19.88,1.30,5.46,3.92,2.28,0.66,0.42,9,5.5,1.53,1.03,10.02,4.96,0.95
bb180304-45,Balaenopteridae,Rorqual,Balaenoptera_bonaerensis,12.6,291,268,1227,3.09,306.09,2.49,1.882482286,0.27,7.8,6700,96,237.97,183.00,14.63,2.03,27.03,1.43,6.24,6.38,3.57,0.86,0.58,23,9,3.22,1.44,11.31,3.35,1.36
bb180305-42b,Balaenopteridae,Rorqual,Balaenoptera_bonaerensis,12.6,291,268,1227,3.09,306.09,2.49,1.882482286,0.27,7.8,6700,40,204.18,35.03,8.09,-4.51,20.49,1.31,4.36,4.55,2.53,0.88,0.61,15,7,3.70,1.64,206.32,3.74,1.18
bp10_236a,Balaenopteridae,Rorqual,Balaenoptera_physalus,23,2495,129240,379966,5.58,2832.20,3.45,57.15705965,1.76,20.2,53000,1,193.26,193.26,8.57,-14.43,10.57,1.02,8.57,4.39,4.39,0.51,0.51,8,8,0.93,0.93,17.27,17.27,0.90
bp10_236b,Balaenopteridae,Rorqual,Balaenoptera_physalus,23,2495,129240,379966,5.58,2832.20,3.45,57.15705965,1.76,20.2,53000,2,169.45,112.77,6.67,-16.33,8.67,0.94,5.73,3.50,2.75,0.53,0.47,6,4.5,0.90,0.76,4.26,2.92,0.78
bp10_239a,Balaenopteridae,Rorqual,Balaenoptera_physalus,23,2495,129240,379966,5.58,2832.20,3.45,57.15705965,1.76,20.2,53000,18,200.18,147.52,9.13,-13.87,11.13,1.05,7.48,5.41,3.47,0.67,0.44,6,3.5,0.83,0.49,4.09,3.40,0.78
bp10_244a,Balaenopteridae,Rorqual,Balaenoptera_physalus,23,2495,129240,379966,5.58,2832.20,3.45,57.15705965,1.76,20.2,53000,8,290.98,282.40,11.98,-11.02,13.98,1.15,10.69,7.67,5.80,0.64,0.55,9,8,0.84,0.73,9.91,4.48,0.95
bp10_245a,Balaenopteridae,Rorqual,Balaenoptera_physalus,23,2495,129240,379966,5.58,2832.20,3.45,57.15705965,1.76,20.2,53000,8,219.62,28.90,10.88,-12.12,12.88,1.11,1.64,5.75,1.42,0.53,0.31,6,1,1.16,0.72,9.20,0.17,0.78
bp12_217a,Balaenopteridae,Rorqual,Balaenoptera_physalus,23,2495,129240,379966,5.58,2832.20,3.45,57.15705965,1.76,20.2,53000,41,279.36,230.04,9.82,-13.18,11.82,1.07,8.44,6.32,4.74,0.69,0.54,9,6,0.96,0.76,12.31,5.32,0.95
bp13_193a,Balaenopteridae,Rorqual,Balaenoptera_physalus,23,2495,129240,379966,5.58,2832.20,3.45,57.15705965,1.76,20.2,53000,6,320.78,301.91,10.10,-12.90,12.10,1.08,9.20,6.17,4.89,0.61,0.52,9,7,0.89,0.74,26.51,9.26,0.95
bp13_216a,Balaenopteridae,Rorqual,Balaenoptera_physalus,23,2495,129240,379966,5.58,2832.20,3.45,57.15705965,1.76,20.2,53000,11,284.39,249.44,11.56,-11.44,13.56,1.13,10.24,7.08,5.86,0.61,0.56,8,7,0.78,0.66,12.38,4.85,0.90
bp13_258b,Balaenopteridae,Rorqual,Balaenoptera_physalus,23,2495,129240,379966,5.58,2832.20,3.45,57.15705965,1.76,20.2,53000,1,22.10,22.10,3.00,-20.00,5.00,0.70,3.00,,,,,1,1,0.33,0.33,4.87,4.87,0.00
bp13_265a,Balaenopteridae,Rorqual,Balaenoptera_physalus,23,2495,129240,379966,5.58,2832.20,3.45,57.15705965,1.76,20.2,53000,19,118.07,99.40,8.24,-14.76,10.24,1.01,6.56,6.13,3.99,0.75,0.61,9,5,1.09,0.82,10.08,3.22,0.95
bp150619-3a,Balaenopteridae,Rorqual,Balaenoptera_physalus,23,2495,129240,379966,5.58,2832.20,3.45,57.15705965,1.76,20.2,53000,2,85.62,85.61,4.07,-18.94,6.07,0.78,3.09,2.21,2.21,0.54,0.54,3,2,0.74,0.61,2.11,1.82,0.48
bp15_075a,Balaenopteridae,Rorqual,Balaenoptera_physalus,23,2495,129240,379966,5.58,2832.20,3.45,57.15705965,1.76,20.2,53000,23,57.44,41.20,7.48,-15.52,9.48,0.98,6.03,5.63,3.46,0.83,0.60,6,4,1.11,0.71,2.98,1.29,0.78
bp15_229a,Balaenopteridae,Rorqual,Balaenoptera_physalus,23,2495,129240,379966,5.58,2832.20,3.45,57.15705965,1.76,20.2,53000,33,97.80,57.83,8.59,-14.41,10.59,1.02,5.49,6.44,3.39,0.83,0.66,6,3,0.99,0.75,6.15,1.44,0.78
bp15_235a,Balaenopteridae,Rorqual,Balaenoptera_physalus,23,2495,129240,379966,5.58,2832.20,3.45,57.15705965,1.76,20.2,53000,6,67.52,50.39,6.87,-16.13,8.87,0.95,2.43,4.41,1.84,0.66,0.63,4,2.5,1.04,0.92,3.74,0.73,0.60
bp15_236a,Balaenopteridae,Rorqual,Balaenoptera_physalus,23,2495,129240,379966,5.58,2832.20,3.45,57.15705965,1.76,20.2,53000,17,107.51,72.83,7.97,-15.03,9.97,1.00,5.46,5.66,3.33,0.77,0.62,6,2,0.83,0.50,3.43,1.47,0.78
bp160609-36,Balaenopteridae,Rorqual,Balaenoptera_physalus,23,2495,129240,379966,5.58,2832.20,3.45,57.15705965,1.76,20.2,53000,2,106.64,86.29,8.12,-14.88,10.12,1.01,7.88,3.54,3.15,0.44,0.40,4,3,0.49,0.38,2.04,1.75,0.60
bp160614-3b,Balaenopteridae,Rorqual,Balaenoptera_physalus,23,2495,129240,379966,5.58,2832.20,3.45,57.15705965,1.76,20.2,53000,5,76.50,55.83,5.16,-17.84,7.16,0.85,4.79,3.29,2.41,0.67,0.51,3,3,0.69,0.58,1.63,1.44,0.48
bp160615-3c,Balaenopteridae,Rorqual,Balaenoptera_physalus,23,2495,129240,379966,5.58,2832.20,3.45,57.15705965,1.76,20.2,53000,1,59.68,59.68,8.92,-14.08,10.92,1.04,8.92,1.17,1.17,0.13,0.13,2,2,0.22,0.22,1.20,1.20,0.30
bp160728-25,Balaenopteridae,Rorqual,Balaenoptera_physalus,23,2495,129240,379966,5.58,2832.20,3.45,57.15705965,1.76,20.2,53000,25,148.42,108.35,8.39,-14.61,10.39,1.02,5.83,5.52,4.05,0.79,0.68,8,6,1.17,0.97,3.68,2.43,0.90
bp160912,Balaenopteridae,Rorqual,Balaenoptera_physalus,23,2495,129240,379966,5.58,2832.20,3.45,57.15705965,1.76,20.2,53000,219,359.31,40.57,13.53,-9.47,15.53,1.19,4.18,8.36,2.93,0.89,0.56,9,3,1.36,0.80,29.33,1.27,0.95
bp160914,Balaenopteridae,Rorqual,Balaenoptera_physalus,23,2495,129240,379966,5.58,2832.20,3.45,57.15705965,1.76,20.2,53000,157,340.21,195.08,12.90,-10.11,14.90,1.17,7.78,8.21,4.32,0.88,0.58,12,5,1.64,0.83,19.65,2.93,1.08
bp16_256a,Balaenopteridae,Rorqual,Balaenoptera_physalus,23,2495,129240,379966,5.58,2832.20,3.45,57.15705965,1.76,20.2,53000,13,297.43,271.87,10.77,-12.23,12.77,1.11,9.31,6.21,4.46,0.59,0.52,9,6,0.84,0.71,6.55,3.77,0.95
bp170907-41b,Balaenopteridae,Rorqual,Balaenoptera_physalus,23,2495,129240,379966,5.58,2832.20,3.45,57.15705965,1.76,20.2,53000,152,305.33,188.35,10.09,-12.91,12.09,1.08,6.44,6.90,3.34,0.92,0.54,6,4,1.56,0.59,6.80,2.53,0.78
bw10_229b,Balaenopteridae,Rorqual,Balaenoptera_musculus,22.6,3739,134000,393960,5.60,10083.66,4.00,20.22839088,1.31,25.2,93000,44,200.89,153.68,9.69,-12.91,12.09,1.08,8.02,5.68,4.12,0.63,0.54,4,3,0.49,0.41,4.22,2.78,0.60
bw10_230a,Balaenopteridae,Rorqual,Balaenoptera_musculus,22.6,3739,134000,393960,5.60,10083.66,4.00,20.22839088,1.31,25.2,93000,37,220.65,170.78,8.13,-14.47,10.53,1.02,6.40,4.02,2.00,0.53,0.32,3,2,0.44,0.33,7.64,3.55,0.48
bw10_235a,Balaenopteridae,Rorqual,Balaenoptera_musculus,22.6,3739,134000,393960,5.60,10083.66,4.00,20.22839088,1.31,25.2,93000,6,84.35,37.79,4.54,-18.06,6.94,0.84,2.91,,,,,1,1,0.66,0.35,44.99,9.03,0.00
bw10_239b,Balaenopteridae,Rorqual,Balaenoptera_musculus,22.6,3739,134000,393960,5.60,10083.66,4.00,20.22839088,1.31,25.2,93000,18,259.62,157.26,11.47,-11.13,13.87,1.14,8.24,5.95,4.22,0.65,0.47,5,2,0.96,0.39,5.64,2.79,0.70
bw10_240b,Balaenopteridae,Rorqual,Balaenoptera_musculus,22.6,3739,134000,393960,5.60,10083.66,4.00,20.22839088,1.31,25.2,93000,76,193.48,36.37,12.56,-10.04,14.96,1.17,2.83,7.70,2.39,0.88,0.60,5,1,1.12,0.51,439.17,1.93,0.70
bw10_241a,Balaenopteridae,Rorqual,Balaenoptera_musculus,22.6,3739,134000,393960,5.60,10083.66,4.00,20.22839088,1.31,25.2,93000,47,216.12,189.36,10.03,-12.57,12.43,1.09,7.64,5.19,3.33,0.54,0.45,4,3,0.47,0.37,4.26,3.44,0.60
bw10_243a,Balaenopteridae,Rorqual,Balaenoptera_musculus,22.6,3739,134000,393960,5.60,10083.66,4.00,20.22839088,1.31,25.2,93000,19,252.65,218.98,12.76,-9.84,15.16,1.18,9.83,7.88,4.46,0.65,0.52,5,3,0.39,0.36,5.22,3.44,0.70
bw10_243b,Balaenopteridae,Rorqual,Balaenoptera_musculus,22.6,3739,134000,393960,5.60,10083.66,4.00,20.22839088,1.31,25.2,93000,37,240.74,212.74,10.00,-12.60,12.40,1.09,8.56,6.26,4.57,0.63,0.52,5,4,0.53,0.44,6.76,3.41,0.70
bw10_244a,Balaenopteridae,Rorqual,Balaenoptera_musculus,22.6,3739,134000,393960,5.60,10083.66,4.00,20.22839088,1.31,25.2,93000,2,246.60,234.20,10.35,-12.25,12.75,1.11,9.47,6.25,5.51,0.60,0.58,5,4.5,0.48,0.47,5.19,5.16,0.70
bw10_244b,Balaenopteridae,Rorqual,Balaenoptera_musculus,22.6,3739,134000,393960,5.60,10083.66,4.00,20.22839088,1.31,25.2,93000,8,139.54,132.97,8.34,-14.26,10.74,1.03,8.10,5.43,5.36,0.67,0.65,4,4,0.50,0.49,2.65,2.37,0.60
bw10_244c,Balaenopteridae,Rorqual,Balaenoptera_musculus,22.6,3739,134000,393960,5.60,10083.66,4.00,20.22839088,1.31,25.2,93000,6,177.94,161.39,11.50,-11.10,13.90,1.14,9.51,6.58,4.53,0.62,0.51,5,4.5,0.57,0.42,4.05,3.11,0.70
bw10_245a,Balaenopteridae,Rorqual,Balaenoptera_musculus,22.6,3739,134000,393960,5.60,10083.66,4.00,20.22839088,1.31,25.2,93000,11,287.32,222.90,12.65,-9.95,15.05,1.18,9.88,7.49,4.71,0.64,0.50,6,4,0.51,0.41,5.14,3.75,0.78
bw10_246a,Balaenopteridae,Rorqual,Balaenoptera_musculus,22.6,3739,134000,393960,5.60,10083.66,4.00,20.22839088,1.31,25.2,93000,21,283.04,97.00,11.37,-11.23,13.77,1.14,6.10,5.40,3.69,0.67,0.58,4,3,0.55,0.49,4.30,1.47,0.60
bw10_246b,Balaenopteridae,Rorqual,Balaenoptera_musculus,22.6,3739,134000,393960,5.60,10083.66,4.00,20.22839088,1.31,25.2,93000,12,270.56,262.01,15.72,-6.88,18.12,1.26,14.34,10.55,8.43,0.68,0.57,7,6,0.45,0.41,8.65,4.46,0.85
bw10_265a,Balaenopteridae,Rorqual,Balaenoptera_musculus,22.6,3739,134000,393960,5.60,10083.66,4.00,20.22839088,1.31,25.2,93000,9,338.96,318.04,14.73,-7.87,17.13,1.23,12.31,9.28,5.19,0.63,0.46,8,5,0.54,0.44,25.43,8.43,0.90
bw10_265b,Balaenopteridae,Rorqual,Balaenoptera_musculus,22.6,3739,134000,393960,5.60,10083.66,4.00,20.22839088,1.31,25.2,93000,2,317.00,311.77,16.81,-5.79,19.21,1.28,15.20,9.18,8.62,0.59,0.57,7,6.5,0.44,0.43,9.29,7.24,0.85
bw10_266a,Balaenopteridae,Rorqual,Balaenoptera_musculus,22.6,3739,134000,393960,5.60,10083.66,4.00,20.22839088,1.31,25.2,93000,6,254.97,244.77,10.80,-11.80,13.20,1.12,8.39,4.56,1.95,0.50,0.26,4,2,0.44,0.26,7.66,5.07,0.60
bw11_210a,Balaenopteridae,Rorqual,Balaenoptera_musculus,22.6,3739,134000,393960,5.60,10083.66,4.00,20.22839088,1.31,25.2,93000,15,154.14,125.94,10.94,-11.66,13.34,1.13,8.84,7.93,6.62,0.75,0.71,7,5,0.64,0.57,3.07,2.36,0.85
bw11_211a,Balaenopteridae,Rorqual,Balaenoptera_musculus,22.6,3739,134000,393960,5.60,10083.66,4.00,20.22839088,1.31,25.2,93000,25,170.76,141.41,8.81,-13.79,11.21,1.05,6.96,5.65,3.68,0.69,0.56,4,3,0.55,0.47,2.80,2.12,0.60
bw11_213b,Balaenopteridae,Rorqual,Balaenoptera_musculus,22.6,3739,134000,393960,5.60,10083.66,4.00,20.22839088,1.31,25.2,93000,46,103.85,79.50,7.40,-15.20,9.80,0.99,4.30,4.48,2.23,0.80,0.55,3,2,1.47,0.48,3.56,1.58,0.48
bw11_214a,Balaenopteridae,Rorqual,Balaenoptera_musculus,22.6,3739,134000,393960,5.60,10083.66,4.00,20.22839088,1.31,25.2,93000,8,101.64,84.05,8.19,-14.41,10.59,1.03,5.81,6.19,2.90,0.76,0.56,5,2.5,0.61,0.50,2.23,1.71,0.70
bw11_214b,Balaenopteridae,Rorqual,Balaenoptera_musculus,22.6,3739,134000,393960,5.60,10083.66,4.00,20.22839088,1.31,25.2,93000,9,104.16,93.18,8.07,-14.53,10.47,1.02,6.45,3.62,2.81,0.65,0.48,3,3,0.61,0.46,2.75,1.29,0.48
bw11_215a,Balaenopteridae,Rorqual,Balaenoptera_musculus,22.6,3739,134000,393960,5.60,10083.66,4.00,20.22839088,1.31,25.2,93000,11,145.72,116.38,6.21,-16.39,8.61,0.93,4.37,3.63,1.81,0.58,0.48,3,2,0.64,0.49,2.43,1.48,0.48
bw11_215b,Balaenopteridae,Rorqual,Balaenoptera_musculus,22.6,3739,134000,393960,5.60,10083.66,4.00,20.22839088,1.31,25.2,93000,5,152.76,148.51,10.33,-12.28,12.73,1.10,9.57,6.05,5.04,0.59,0.53,5,3,0.48,0.31,3.50,2.71,0.70
bw11_218a,Balaenopteridae,Rorqual,Balaenoptera_musculus,22.6,3739,134000,393960,5.60,10083.66,4.00,20.22839088,1.31,25.2,93000,4,162.67,137.26,11.03,-11.57,13.43,1.13,10.02,4.89,2.59,0.46,0.25,3,2,0.28,0.20,2.75,2.25,0.48
bw11_218b,Balaenopteridae,Rorqual,Balaenoptera_musculus,22.6,3739,134000,393960,5.60,10083.66,4.00,20.22839088,1.31,25.2,93000,16,207.96,136.76,9.40,-13.20,11.80,1.07,7.59,5.91,3.22,0.70,0.47,5,3,0.64,0.46,3.78,2.41,0.70
bw11_219a,Balaenopteridae,Rorqual,Balaenoptera_musculus,22.6,3739,134000,393960,5.60,10083.66,4.00,20.22839088,1.31,25.2,93000,2,283.03,272.16,8.52,-14.08,10.92,1.04,7.75,3.03,2.98,0.43,0.39,3,3,0.43,0.39,9.88,7.29,0.48
bw11_219b,Balaenopteridae,Rorqual,Balaenoptera_musculus,22.6,3739,134000,393960,5.60,10083.66,4.00,20.22839088,1.31,25.2,93000,9,261.73,246.42,9.07,-13.53,11.47,1.06,8.74,4.55,3.56,0.51,0.42,3,3,0.41,0.34,7.02,4.05,0.48
bw11_220a,Balaenopteridae,Rorqual,Balaenoptera_musculus,22.6,3739,134000,393960,5.60,10083.66,4.00,20.22839088,1.31,25.2,93000,27,271.41,236.01,10.09,-12.51,12.49,1.10,8.37,5.30,3.53,0.57,0.44,4,3,0.48,0.36,2.70,1.77,0.60
bw11_220b,Balaenopteridae,Rorqual,Balaenoptera_musculus,22.6,3739,134000,393960,5.60,10083.66,4.00,20.22839088,1.31,25.2,93000,9,266.67,187.07,8.99,-13.61,11.39,1.06,7.85,5.81,3.75,0.65,0.46,4,3,0.44,0.33,6.24,4.43,0.60
bw11_221a,Balaenopteridae,Rorqual,Balaenoptera_musculus,22.6,3739,134000,393960,5.60,10083.66,4.00,20.22839088,1.31,25.2,93000,18,245.29,224.89,11.52,-11.08,13.92,1.14,9.54,8.23,5.06,0.72,0.55,5,4,0.51,0.42,8.05,2.88,0.70
bw11_264a,Balaenopteridae,Rorqual,Balaenoptera_musculus,22.6,3739,134000,393960,5.60,10083.66,4.00,20.22839088,1.31,25.2,93000,12,223.53,163.66,6.58,-16.02,8.98,0.95,5.47,3.94,1.63,0.60,0.39,4,2,0.63,0.51,2.59,2.11,0.60
bw12_217b,Balaenopteridae,Rorqual,Balaenoptera_musculus,22.6,3739,134000,393960,5.60,10083.66,4.00,20.22839088,1.31,25.2,93000,4,264.62,234.05,10.93,-11.67,13.33,1.12,9.73,6.07,5.31,0.56,0.54,6,4.5,0.55,0.46,36.34,6.65,0.78
bw13_191a,Balaenopteridae,Rorqual,Balaenoptera_musculus,22.6,3739,134000,393960,5.60,10083.66,4.00,20.22839088,1.31,25.2,93000,28,136.69,83.09,10.47,-12.13,12.87,1.11,5.38,6.90,3.96,0.71,0.56,5,2,0.87,0.48,6.17,1.85,0.70
bw13_193a,Balaenopteridae,Rorqual,Balaenoptera_musculus,22.6,3739,134000,393960,5.60,10083.66,4.00,20.22839088,1.31,25.2,93000,32,120.39,77.33,10.55,-12.05,12.95,1.11,6.21,7.71,3.97,0.76,0.61,5,3,0.73,0.47,2.60,1.48,0.70
bw13_207a,Balaenopteridae,Rorqual,Balaenoptera_musculus,22.6,3739,134000,393960,5.60,10083.66,4.00,20.22839088,1.31,25.2,93000,30,135.61,81.31,7.99,-14.61,10.39,1.02,4.73,5.45,2.94,0.75,0.58,4,2,0.74,0.57,2.21,1.07,0.60
bw13_211a,Balaenopteridae,Rorqual,Balaenoptera_musculus,22.6,3739,134000,393960,5.60,10083.66,4.00,20.22839088,1.31,25.2,93000,28,330.95,312.87,15.87,-6.73,18.27,1.26,12.60,8.11,5.71,0.59,0.45,5,3,0.36,0.25,6.83,2.81,0.70
bw13_214b,Balaenopteridae,Rorqual,Balaenoptera_musculus,22.6,3739,134000,393960,5.60,10083.66,4.00,20.22839088,1.31,25.2,93000,4,304.28,253.44,16.95,-5.65,19.35,1.29,11.15,9.95,2.88,0.59,0.31,8,3,0.47,0.32,3.91,3.76,0.90
bw13_214c,Balaenopteridae,Rorqual,Balaenoptera_musculus,22.6,3739,134000,393960,5.60,10083.66,4.00,20.22839088,1.31,25.2,93000,6,322.38,308.63,14.99,-7.61,17.39,1.24,12.76,10.49,8.34,0.70,0.65,8,6.5,0.54,0.51,4.61,4.13,0.90
bw13_217a,Balaenopteridae,Rorqual,Balaenoptera_musculus,22.6,3739,134000,393960,5.60,10083.66,4.00,20.22839088,1.31,25.2,93000,23,165.79,119.13,11.45,-11.15,13.85,1.14,8.66,8.52,5.68,0.77,0.69,7,5,0.69,0.63,2.77,2.16,0.85
bw13_259a,Balaenopteridae,Rorqual,Balaenoptera_musculus,22.6,3739,134000,393960,5.60,10083.66,4.00,20.22839088,1.31,25.2,93000,22,42.85,30.80,7.31,-15.29,9.71,0.99,2.45,3.19,2.22,0.64,0.49,2,1,1.06,0.50,,,0.30
bw140722-2e,Balaenopteridae,Rorqual,Balaenoptera_musculus,22.6,3739,134000,393960,5.60,10083.66,4.00,20.22839088,1.31,25.2,93000,3,185.06,182.30,9.19,-13.41,11.59,1.06,8.94,5.58,5.54,0.62,0.61,4,4,0.45,0.45,6.22,4.33,0.60
bw140806-2,Balaenopteridae,Rorqual,Balaenoptera_musculus,22.6,3739,134000,393960,5.60,10083.66,4.00,20.22839088,1.31,25.2,93000,4,206.97,161.34,12.29,-10.32,14.69,1.17,10.45,4.10,3.84,0.45,0.38,3,1.5,0.33,0.14,80.40,4.29,0.48
bw140819-3b,Balaenopteridae,Rorqual,Balaenoptera_musculus,22.6,3739,134000,393960,5.60,10083.66,4.00,20.22839088,1.31,25.2,93000,5,44.55,35.84,2.68,-19.92,5.08,0.71,1.47,1.42,1.41,0.62,0.57,2,1,1.06,0.75,1.13,0.78,0.30
bw140820-3b,Balaenopteridae,Rorqual,Balaenoptera_musculus,22.6,3739,134000,393960,5.60,10083.66,4.00,20.22839088,1.31,25.2,93000,11,81.31,52.81,6.60,-16.00,9.00,0.95,2.87,4.46,2.21,0.77,0.58,3,1,0.70,0.53,1.89,0.86,0.48
bw14_211a,Balaenopteridae,Rorqual,Balaenoptera_musculus,22.6,3739,134000,393960,5.60,10083.66,4.00,20.22839088,1.31,25.2,93000,4,90.92,80.88,8.18,-14.42,10.58,1.02,4.10,3.80,3.80,0.46,0.46,3,1,1.20,0.53,1.85,1.43,0.48
bw14_211b,Balaenopteridae,Rorqual,Balaenoptera_musculus,22.6,3739,134000,393960,5.60,10083.66,4.00,20.22839088,1.31,25.2,93000,18,239.19,189.11,11.76,-10.84,14.16,1.15,8.96,7.26,5.02,0.76,0.56,5,3.5,0.52,0.39,4.67,2.15,0.70
bw14_212a,Balaenopteridae,Rorqual,Balaenoptera_musculus,22.6,3739,134000,393960,5.60,10083.66,4.00,20.22839088,1.31,25.2,93000,29,214.25,102.02,15.19,-7.41,17.59,1.25,9.50,8.61,4.77,0.81,0.51,5,3,0.56,0.28,18.07,2.47,0.70
bw14_213a,Balaenopteridae,Rorqual,Balaenoptera_musculus,22.6,3739,134000,393960,5.60,10083.66,4.00,20.22839088,1.31,25.2,93000,30,122.61,83.03,7.49,-15.11,9.89,1.00,4.97,4.09,2.50,0.68,0.58,3,2,0.59,0.39,2.11,1.35,0.48
bw14_217a,Balaenopteridae,Rorqual,Balaenoptera_musculus,22.6,3739,134000,393960,5.60,10083.66,4.00,20.22839088,1.31,25.2,93000,35,163.07,76.75,9.80,-12.80,12.20,1.09,5.83,7.83,2.48,0.82,0.52,4,2,0.93,0.36,8.01,1.99,0.60
bw14_218a,Balaenopteridae,Rorqual,Balaenoptera_musculus,22.6,3739,134000,393960,5.60,10083.66,4.00,20.22839088,1.31,25.2,93000,16,220.18,110.87,14.38,-8.22,16.78,1.22,9.07,8.67,4.48,0.72,0.58,5,3,0.46,0.31,15.71,2.24,0.70
bw14_218b,Balaenopteridae,Rorqual,Balaenoptera_musculus,22.6,3739,134000,393960,5.60,10083.66,4.00,20.22839088,1.31,25.2,93000,6,217.04,204.83,9.57,-13.03,11.97,1.08,8.65,5.66,4.35,0.60,0.52,4,3.5,0.46,0.41,3.12,2.38,0.60
bw14_251a,Balaenopteridae,Rorqual,Balaenoptera_musculus,22.6,3739,134000,393960,5.60,10083.66,4.00,20.22839088,1.31,25.2,93000,74,97.96,39.22,8.51,-14.09,10.91,1.04,2.08,6.27,2.94,0.82,0.61,4,1,1.58,0.60,9.00,0.92,0.60
bw14_256a,Balaenopteridae,Rorqual,Balaenoptera_musculus,22.6,3739,134000,393960,5.60,10083.66,4.00,20.22839088,1.31,25.2,93000,4,180.98,137.17,14.53,-8.07,16.93,1.23,8.96,6.24,2.00,0.43,0.23,3,2,0.23,0.21,2.42,2.15,0.48
bw14_261a,Balaenopteridae,Rorqual,Balaenoptera_musculus,22.6,3739,134000,393960,5.60,10083.66,4.00,20.22839088,1.31,25.2,93000,4,242.24,221.49,19.11,-3.49,21.51,1.33,17.78,15.14,8.09,0.79,0.46,8,3.5,0.42,0.21,3.19,3.14,0.90
bw14_262a,Balaenopteridae,Rorqual,Balaenoptera_musculus,22.6,3739,134000,393960,5.60,10083.66,4.00,20.22839088,1.31,25.2,93000,63,137.00,46.53,5.31,-17.29,7.71,0.89,1.57,2.86,2.05,0.64,0.56,2,1,1.52,0.64,3.21,1.17,0.30
bw14_262b,Balaenopteridae,Rorqual,Balaenoptera_musculus,22.6,3739,134000,393960,5.60,10083.66,4.00,20.22839088,1.31,25.2,93000,17,135.50,63.12,9.80,-12.80,12.20,1.09,5.37,6.50,3.08,0.74,0.55,4,1,1.32,0.40,3.24,0.79,0.60
bw150823-6,Balaenopteridae,Rorqual,Balaenoptera_musculus,22.6,3739,134000,393960,5.60,10083.66,4.00,20.22839088,1.31,25.2,93000,30,119.32,69.37,15.03,-7.57,17.43,1.24,7.52,12.50,4.73,0.83,0.57,6,2,0.57,0.29,5.63,1.87,0.78
bw15_076a,Balaenopteridae,Rorqual,Balaenoptera_musculus,22.6,3739,134000,393960,5.60,10083.66,4.00,20.22839088,1.31,25.2,93000,2,99.36,90.72,24.46,1.86,26.86,1.43,22.11,,,,,1,1,0.05,0.05,7.69,4.77,0.00
bw15_232a,Balaenopteridae,Rorqual,Balaenoptera_musculus,22.6,3739,134000,393960,5.60,10083.66,4.00,20.22839088,1.31,25.2,93000,11,193.54,168.04,22.08,-0.52,24.48,1.39,8.09,19.01,4.84,0.86,0.55,8,3,0.58,0.42,3.62,2.11,0.90
bw160523,Balaenopteridae,Rorqual,Balaenoptera_musculus,22.6,3739,134000,393960,5.60,10083.66,4.00,20.22839088,1.31,25.2,93000,307,71.57,43.60,12.90,-9.70,15.30,1.18,4.05,8.00,3.17,0.89,0.62,5,2,1.19,0.52,95.59,0.92,0.70
bw160716,Balaenopteridae,Rorqual,Balaenoptera_musculus,22.6,3739,134000,393960,5.60,10083.66,4.00,20.22839088,1.31,25.2,93000,267,251.19,170.11,15.53,-7.07,17.93,1.25,9.76,10.97,6.28,0.84,0.67,10,6,0.83,0.66,114.73,2.61,1.00
bw160717,Balaenopteridae,Rorqual,Balaenoptera_musculus,22.6,3739,134000,393960,5.60,10083.66,4.00,20.22839088,1.31,25.2,93000,213,250.24,173.34,19.59,-3.01,21.99,1.34,10.28,14.68,5.63,0.81,0.57,7,4,0.58,0.37,68.18,3.24,0.85
bw160725-3,Balaenopteridae,Rorqual,Balaenoptera_musculus,22.6,3739,134000,393960,5.60,10083.66,4.00,20.22839088,1.31,25.2,93000,1,82.30,82.30,9.34,-13.27,11.74,1.07,9.34,2.17,2.17,0.23,0.23,2,2,0.21,0.21,1.67,1.67,0.30
bw160727-10,Balaenopteridae,Rorqual,Balaenoptera_musculus,22.6,3739,134000,393960,5.60,10083.66,4.00,20.22839088,1.31,25.2,93000,49,154.14,133.87,10.65,-11.95,13.05,1.12,7.95,7.46,5.59,0.86,0.69,6,5,0.66,0.58,2.65,1.88,0.78
bw160728-36b,Balaenopteridae,Rorqual,Balaenoptera_musculus,22.6,3739,134000,393960,5.60,10083.66,4.00,20.22839088,1.31,25.2,93000,2,99.49,97.83,8.17,-14.43,10.57,1.02,6.81,4.95,4.95,0.61,0.61,4,2.5,0.49,0.34,2.41,2.21,0.60
bw160815,Balaenopteridae,Rorqual,Balaenoptera_musculus,22.6,3739,134000,393960,5.60,10083.66,4.00,20.22839088,1.31,25.2,93000,10,338.04,326.19,12.55,-10.05,14.95,1.17,11.03,8.49,6.08,0.68,0.55,7,5,0.56,0.42,5.52,3.87,0.85
bw160817,Balaenopteridae,Rorqual,Balaenoptera_musculus,22.6,3739,134000,393960,5.60,10083.66,4.00,20.22839088,1.31,25.2,93000,136,335.56,106.22,14.43,-8.18,16.83,1.23,7.89,11.83,4.82,0.86,0.62,7,3,0.83,0.43,11.57,1.97,0.85
bw160918a,Balaenopteridae,Rorqual,Balaenoptera_musculus,22.6,3739,134000,393960,5.60,10083.66,4.00,20.22839088,1.31,25.2,93000,281,368.01,188.82,17.82,-4.78,20.22,1.31,10.26,12.67,6.17,0.84,0.63,9,4,1.11,0.47,374.85,2.94,0.95
bw16_231a,Balaenopteridae,Rorqual,Balaenoptera_musculus,22.6,3739,134000,393960,5.60,10083.66,4.00,20.22839088,1.31,25.2,93000,3,141.81,132.98,9.88,-12.72,12.28,1.09,9.01,1.46,1.39,0.15,0.15,2,2,0.22,0.20,4.32,4.20,0.30
bw16_231b,Balaenopteridae,Rorqual,Balaenoptera_musculus,22.6,3739,134000,393960,5.60,10083.66,4.00,20.22839088,1.31,25.2,93000,21,298.57,140.59,9.77,-12.83,12.17,1.09,8.02,5.96,4.24,0.66,0.52,5,3,0.56,0.31,4.43,2.38,0.70
bw16_264b,Balaenopteridae,Rorqual,Balaenoptera_musculus,22.6,3739,134000,393960,5.60,10083.66,4.00,20.22839088,1.31,25.2,93000,18,218.76,108.90,11.99,-10.61,14.39,1.16,9.62,7.74,5.35,0.79,0.55,6,3.5,0.69,0.38,476.24,2.54,0.78
bw170619-36,Balaenopteridae,Rorqual,Balaenoptera_musculus,22.6,3739,134000,393960,5.60,10083.66,4.00,20.22839088,1.31,25.2,93000,64,228.05,74.82,16.44,-6.16,18.84,1.28,5.73,12.43,3.09,0.79,0.63,7,3,0.88,0.50,3.41,1.65,0.85
bw170813-41,Balaenopteridae,Rorqual,Balaenoptera_musculus,22.6,3739,134000,393960,5.60,10083.66,4.00,20.22839088,1.31,25.2,93000,81,150.81,111.32,13.82,-8.79,16.22,1.21,9.61,10.94,6.69,0.85,0.71,8,5,0.74,0.54,8.35,2.48,0.90
bw170813-42,Balaenopteridae,Rorqual,Balaenoptera_musculus,22.6,3739,134000,393960,5.60,10083.66,4.00,20.22839088,1.31,25.2,93000,32,210.15,127.28,13.42,-9.19,15.82,1.20,8.92,10.48,6.22,0.79,0.68,7,4.5,0.57,0.53,4.76,2.66,0.85
bw170813-44,Balaenopteridae,Rorqual,Balaenoptera_musculus,22.6,3739,134000,393960,5.60,10083.66,4.00,20.22839088,1.31,25.2,93000,151,226.82,125.96,13.21,-9.39,15.61,1.19,7.16,9.18,4.10,0.85,0.54,5,2,1.31,0.38,18.16,2.10,0.70
bw170814-30,Balaenopteridae,Rorqual,Balaenoptera_musculus,22.6,3739,134000,393960,5.60,10083.66,4.00,20.22839088,1.31,25.2,93000,12,170.03,132.72,12.70,-9.90,15.10,1.18,8.90,6.27,4.35,0.68,0.47,5,3.5,0.54,0.38,2.95,2.25,0.70
bw170814-40,Balaenopteridae,Rorqual,Balaenoptera_musculus,22.6,3739,134000,393960,5.60,10083.66,4.00,20.22839088,1.31,25.2,93000,207,253.42,102.27,11.44,-11.17,13.84,1.14,5.98,8.12,4.27,0.93,0.67,6,3,1.19,0.60,105.19,2.13,0.78
bw170814-50,Balaenopteridae,Rorqual,Balaenoptera_musculus,22.6,3739,134000,393960,5.60,10083.66,4.00,20.22839088,1.31,25.2,93000,44,222.08,126.71,9.87,-12.73,12.27,1.09,7.65,6.65,4.48,0.73,0.57,5,4,0.63,0.47,3.36,2.35,0.70
bw170814-51,Balaenopteridae,Rorqual,Balaenoptera_musculus,22.6,3739,134000,393960,5.60,10083.66,4.00,20.22839088,1.31,25.2,93000,58,90.04,66.82,13.06,-9.54,15.46,1.19,8.41,8.97,5.92,0.80,0.67,7,5,0.62,0.55,3.52,2.28,0.85
bw170815-21,Balaenopteridae,Rorqual,Balaenoptera_musculus,22.6,3739,134000,393960,5.60,10083.66,4.00,20.22839088,1.31,25.2,93000,20,182.47,133.74,9.77,-12.83,12.17,1.09,6.58,5.75,3.20,0.65,0.46,4,3,0.53,0.41,3.57,1.98,0.60
bw170815-28,Balaenopteridae,Rorqual,Balaenoptera_musculus,22.6,3739,134000,393960,5.60,10083.66,4.00,20.22839088,1.31,25.2,93000,118,178.37,99.01,9.78,-12.82,12.18,1.09,5.26,6.49,2.84,0.87,0.55,5,2,1.19,0.54,55.33,1.39,0.70
bw170815-42,Balaenopteridae,Rorqual,Balaenoptera_musculus,22.6,3739,134000,393960,5.60,10083.66,4.00,20.22839088,1.31,25.2,93000,8,224.17,157.41,11.23,-11.37,13.63,1.13,7.75,8.00,4.25,0.71,0.54,5,4,0.53,0.47,3.70,2.93,0.70
bw170815-43,Balaenopteridae,Rorqual,Balaenoptera_musculus,22.6,3739,134000,393960,5.60,10083.66,4.00,20.22839088,1.31,25.2,93000,63,142.16,104.70,7.58,-15.02,9.98,1.00,5.64,4.86,2.98,0.71,0.50,4,3,0.69,0.51,14.48,2.38,0.60
bw170816-23,Balaenopteridae,Rorqual,Balaenoptera_musculus,22.6,3739,134000,393960,5.60,10083.66,4.00,20.22839088,1.31,25.2,93000,4,125.71,122.27,7.70,-14.90,10.10,1.00,7.07,5.32,4.25,0.69,0.61,5,4,0.65,0.57,2.56,2.32,0.70
bw170816-27,Balaenopteridae,Rorqual,Balaenoptera_musculus,22.6,3739,134000,393960,5.60,10083.66,4.00,20.22839088,1.31,25.2,93000,21,159.32,119.00,10.76,-11.84,13.16,1.12,8.63,7.49,5.78,0.76,0.68,5,4,0.51,0.47,3.07,2.34,0.70
bw170816-41,Balaenopteridae,Rorqual,Balaenoptera_musculus,22.6,3739,134000,393960,5.60,10083.66,4.00,20.22839088,1.31,25.2,93000,75,140.37,86.53,9.14,-13.46,11.54,1.06,6.88,6.41,4.53,0.86,0.64,5,4,1.04,0.56,49.24,2.55,0.70
bw170816-42,Balaenopteridae,Rorqual,Balaenoptera_musculus,22.6,3739,134000,393960,5.60,10083.66,4.00,20.22839088,1.31,25.2,93000,21,154.61,99.15,10.85,-11.75,13.25,1.12,7.55,7.10,3.25,0.70,0.49,5,3,0.63,0.34,3.81,2.16,0.70
bw170816-44,Balaenopteridae,Rorqual,Balaenoptera_musculus,22.6,3739,134000,393960,5.60,10083.66,4.00,20.22839088,1.31,25.2,93000,82,120.09,75.33,11.05,-11.55,13.45,1.13,5.12,8.22,3.92,0.88,0.62,7,2,1.35,0.58,6.07,1.28,0.85
bw170816-51,Balaenopteridae,Rorqual,Balaenoptera_musculus,22.6,3739,134000,393960,5.60,10083.66,4.00,20.22839088,1.31,25.2,93000,21,101.46,85.49,12.61,-9.99,15.01,1.18,9.39,9.18,5.35,0.73,0.59,6,4,0.49,0.41,4.52,2.83,0.78
mn09_122b,Balaenopteridae,Rorqual,Megaptera_novaeangliae,19.4,1572,59020,181190,5.26,1561632.84,6.19,55.32368233,1.74,14,36000,93,307.10,19.34,11.62,-7.78,17.22,1.24,0.62,6.99,0.86,0.84,0.51,11,1,2.70,1.72,3.37,1.16,1.04
mn09_152a,Balaenopteridae,Rorqual,Megaptera_novaeangliae,19.4,1572,59020,181190,5.26,1561632.84,6.19,55.32368233,1.74,14,36000,187,148.36,35.87,7.52,-11.88,13.12,1.12,1.31,5.14,2.16,0.85,0.62,9,2,2.40,1.42,,,0.95
mn10_133a,Balaenopteridae,Rorqual,Megaptera_novaeangliae,19.4,1572,59020,181190,5.26,1561632.84,6.19,55.32368233,1.74,14,36000,104,204.45,73.77,8.44,-10.96,14.04,1.15,3.99,6.74,2.47,0.84,0.64,9,4,1.80,1.02,32.14,2.33,0.95
mn10_139a,Balaenopteridae,Rorqual,Megaptera_novaeangliae,19.4,1572,59020,181190,5.26,1561632.84,6.19,55.32368233,1.74,14,36000,243,164.08,60.31,7.21,-12.19,12.81,1.11,2.59,5.63,2.28,0.84,0.67,8,3,2.54,1.25,5.36,1.05,0.90
mn10_144a,Balaenopteridae,Rorqual,Megaptera_novaeangliae,19.4,1572,59020,181190,5.26,1561632.84,6.19,55.32368233,1.74,14,36000,267,120.40,66.53,5.87,-13.53,11.47,1.06,2.78,3.50,1.84,0.80,0.66,9,5,3.06,1.82,7.97,1.04,0.95
mn10_151a,Balaenopteridae,Rorqual,Megaptera_novaeangliae,19.4,1572,59020,181190,5.26,1561632.84,6.19,55.32368233,1.74,14,36000,125,139.36,90.49,7.30,-12.10,12.90,1.11,3.58,5.19,2.38,0.84,0.64,9,4,1.91,1.29,6.03,1.84,0.95
mn10_155a,Balaenopteridae,Rorqual,Megaptera_novaeangliae,19.4,1572,59020,181190,5.26,1561632.84,6.19,55.32368233,1.74,14,36000,59,388.16,274.60,12.41,-6.99,18.01,1.26,7.92,7.52,4.15,0.73,0.53,13,7,1.41,0.97,50.25,4.42,1.11
mn12_262a,Balaenopteridae,Rorqual,Megaptera_novaeangliae,19.4,1572,59020,181190,5.26,1561632.84,6.19,55.32368233,1.74,14,36000,34,165.76,148.26,10.02,-9.38,15.62,1.19,7.03,6.79,4.81,0.77,0.67,13,10,1.58,1.28,3.33,2.29,1.11
mn12_262b,Balaenopteridae,Rorqual,Megaptera_novaeangliae,19.4,1572,59020,181190,5.26,1561632.84,6.19,55.32368233,1.74,14,36000,47,176.71,143.45,7.45,-11.95,13.05,1.12,5.85,5.20,3.49,0.70,0.60,11,8,1.62,1.36,2.58,1.96,1.04
mn12_263a,Balaenopteridae,Rorqual,Megaptera_novaeangliae,19.4,1572,59020,181190,5.26,1561632.84,6.19,55.32368233,1.74,14,36000,16,148.10,130.98,10.93,-8.47,16.53,1.22,7.78,7.42,5.19,0.72,0.65,13,10,1.39,1.26,3.13,2.33,1.11
mn12_264a,Balaenopteridae,Rorqual,Megaptera_novaeangliae,19.4,1572,59020,181190,5.26,1561632.84,6.19,55.32368233,1.74,14,36000,9,167.59,153.95,10.88,-8.52,16.48,1.22,9.33,7.76,6.64,0.78,0.68,14,11,1.38,1.20,7.05,2.81,1.15
mn12_264b,Balaenopteridae,Rorqual,Megaptera_novaeangliae,19.4,1572,59020,181190,5.26,1561632.84,6.19,55.32368233,1.74,14,36000,16,130.21,123.61,9.20,-10.20,14.80,1.17,7.48,7.06,5.33,0.78,0.71,12,10,1.45,1.30,4.76,2.71,1.08
mn12_265a,Balaenopteridae,Rorqual,Megaptera_novaeangliae,19.4,1572,59020,181190,5.26,1561632.84,6.19,55.32368233,1.74,14,36000,23,144.05,140.38,9.09,-10.31,14.69,1.17,6.66,6.74,4.44,0.74,0.66,11,8,1.40,1.21,2.82,2.55,1.04
mn12_289a,Balaenopteridae,Rorqual,Megaptera_novaeangliae,19.4,1572,59020,181190,5.26,1561632.84,6.19,55.32368233,1.74,14,36000,22,96.83,39.76,4.59,-14.81,10.19,1.01,2.35,,,,,1,1,1.36,0.43,3.74,1.15,0.00
mn12_289b,Balaenopteridae,Rorqual,Megaptera_novaeangliae,19.4,1572,59020,181190,5.26,1561632.84,6.19,55.32368233,1.74,14,36000,19,58.14,38.83,6.24,-13.16,11.84,1.07,2.45,1.32,1.32,0.59,0.59,2,1,1.26,0.41,2.20,0.86,0.30
mn140716-4,Balaenopteridae,Rorqual,Megaptera_novaeangliae,19.4,1572,59020,181190,5.26,1561632.84,6.19,55.32368233,1.74,14,36000,2,100.00,90.25,7.56,-11.84,13.16,1.12,5.74,2.68,2.68,0.35,0.35,2,1.5,0.26,0.26,3.53,2.49,0.30
mn140721-3,Balaenopteridae,Rorqual,Megaptera_novaeangliae,19.4,1572,59020,181190,5.26,1561632.84,6.19,55.32368233,1.74,14,36000,4,100.87,96.82,6.39,-13.01,11.99,1.08,5.80,4.01,3.06,0.64,0.52,7,5,1.10,0.86,2.55,2.05,0.85
mn151011-6,Balaenopteridae,Rorqual,Megaptera_novaeangliae,19.4,1572,59020,181190,5.26,1561632.84,6.19,55.32368233,1.74,14,36000,3,150.50,140.55,10.91,-8.49,16.51,1.22,9.75,4.56,3.10,0.45,0.42,4,3,0.44,0.37,4.58,3.45,0.60
mn151031-3,Balaenopteridae,Rorqual,Megaptera_novaeangliae,19.4,1572,59020,181190,5.26,1561632.84,6.19,55.32368233,1.74,14,36000,18,93.61,84.74,6.88,-12.52,12.48,1.10,4.84,5.43,3.11,0.79,0.66,12,6,1.74,1.33,2.08,1.70,1.08
mn151031-4,Balaenopteridae,Rorqual,Megaptera_novaeangliae,19.4,1572,59020,181190,5.26,1561632.84,6.19,55.32368233,1.74,14,36000,98,88.21,25.72,5.15,-14.25,10.75,1.03,1.22,3.75,2.00,0.78,0.58,9,1,2.14,1.43,3.39,0.35,0.95
mn151103-3,Balaenopteridae,Rorqual,Megaptera_novaeangliae,19.4,1572,59020,181190,5.26,1561632.84,6.19,55.32368233,1.74,14,36000,20,110.76,101.84,6.05,-13.35,11.65,1.07,5.18,4.06,2.47,0.68,0.49,10,6,1.65,1.10,4.40,2.83,1.00
mn151103-4,Balaenopteridae,Rorqual,Megaptera_novaeangliae,19.4,1572,59020,181190,5.26,1561632.84,6.19,55.32368233,1.74,14,36000,4,97.52,95.88,5.70,-13.70,11.30,1.05,4.94,3.99,3.16,0.70,0.64,11,8.5,1.93,1.72,8.27,2.00,1.04
mn151103-7,Balaenopteridae,Rorqual,Megaptera_novaeangliae,19.4,1572,59020,181190,5.26,1561632.84,6.19,55.32368233,1.74,14,36000,100,106.33,24.81,10.20,-9.21,15.80,1.20,1.20,5.87,1.98,0.79,0.63,13,2,2.34,1.45,12.37,0.56,1.11
mn160419-8,Balaenopteridae,Rorqual,Megaptera_novaeangliae,19.4,1572,59020,181190,5.26,1561632.84,6.19,55.32368233,1.74,14,36000,117,96.00,32.46,5.68,-13.73,11.28,1.05,1.60,3.61,1.42,0.89,0.49,5,1,3.19,0.88,2.26,0.41,0.70
mn160429-37,Balaenopteridae,Rorqual,Megaptera_novaeangliae,19.4,1572,59020,181190,5.26,1561632.84,6.19,55.32368233,1.74,14,36000,42,141.34,104.09,6.31,-13.10,11.91,1.08,4.15,3.05,1.44,0.71,0.40,5,2,1.70,0.55,5.17,2.22,0.70
mn160725-36b,Balaenopteridae,Rorqual,Megaptera_novaeangliae,19.4,1572,59020,181190,5.26,1561632.84,6.19,55.32368233,1.74,14,36000,63,69.67,20.41,3.89,-15.51,9.49,0.98,0.75,1.63,0.56,0.66,0.44,4,1,2.29,1.51,7.33,0.15,0.60
mn160727-11,Balaenopteridae,Rorqual,Megaptera_novaeangliae,19.4,1572,59020,181190,5.26,1561632.84,6.19,55.32368233,1.74,14,36000,79,172.16,78.46,6.21,-13.20,11.81,1.07,3.86,3.61,1.99,0.79,0.50,7,3,2.47,0.99,7.86,1.78,0.85
mn161006-11,Balaenopteridae,Rorqual,Megaptera_novaeangliae,19.4,1572,59020,181190,5.26,1561632.84,6.19,55.32368233,1.74,14,36000,47,27.62,19.74,2.77,-16.64,8.37,0.92,1.23,,,,,1,1,2.21,0.82,4.70,0.78,0.00
mn161105-36,Balaenopteridae,Rorqual,Megaptera_novaeangliae,19.4,1572,59020,181190,5.26,1561632.84,6.19,55.32368233,1.74,14,36000,15,59.40,49.26,4.11,-15.29,9.71,0.99,3.11,2.57,1.53,0.81,0.49,5,3,1.40,0.89,2.27,1.36,0.70
mn161106-36,Balaenopteridae,Rorqual,Megaptera_novaeangliae,19.4,1572,59020,181190,5.26,1561632.84,6.19,55.32368233,1.74,14,36000,94,54.98,27.81,5.09,-14.31,10.69,1.03,2.29,2.92,1.18,0.79,0.51,7,3,2.38,1.40,16.67,0.80,0.85
mn161107-36b,Balaenopteridae,Rorqual,Megaptera_novaeangliae,19.4,1572,59020,181190,5.26,1561632.84,6.19,55.32368233,1.74,14,36000,44,56.08,31.17,4.06,-15.34,9.66,0.98,1.48,1.68,0.57,0.68,0.35,5,2,3.08,1.34,7.95,1.02,0.70
mn161117-10,Balaenopteridae,Rorqual,Megaptera_novaeangliae,19.4,1572,59020,181190,5.26,1561632.84,6.19,55.32368233,1.74,14,36000,14,122.11,103.78,5.64,-13.77,11.24,1.05,3.44,3.09,2.41,0.56,0.45,3,1,0.59,0.34,1.90,1.27,0.48
mn170218-31,Balaenopteridae,Rorqual,Megaptera_novaeangliae,19.4,1572,59020,181190,5.26,1561632.84,6.19,55.32368233,1.74,14,36000,182,128.18,21.66,6.40,-13.00,12.00,1.08,1.09,4.09,1.16,0.83,0.62,7,2,2.61,1.74,24.72,0.52,0.85
mn170220-30,Balaenopteridae,Rorqual,Megaptera_novaeangliae,19.4,1572,59020,181190,5.26,1561632.84,6.19,55.32368233,1.74,14,36000,12,196.37,172.48,7.17,-12.24,12.77,1.11,4.94,3.25,2.43,0.56,0.48,5,4,0.84,0.79,7.67,5.42,0.70
mn170322-30,Balaenopteridae,Rorqual,Megaptera_novaeangliae,19.4,1572,59020,181190,5.26,1561632.84,6.19,55.32368233,1.74,14,36000,22,340.08,268.53,9.46,-9.94,15.06,1.18,8.33,7.50,5.50,0.79,0.70,15,11.5,1.63,1.50,8.28,4.96,1.18
mn170410-20,Balaenopteridae,Rorqual,Megaptera_novaeangliae,19.4,1572,59020,181190,5.26,1561632.84,6.19,55.32368233,1.74,14,36000,76,26.80,18.67,9.98,-9.42,15.58,1.19,1.91,7.00,1.40,0.86,0.58,7,2,1.81,1.04,5.16,0.21,0.85
mn170613-20,Balaenopteridae,Rorqual,Megaptera_novaeangliae,19.4,1572,59020,181190,5.26,1561632.84,6.19,55.32368233,1.74,14,36000,18,63.20,61.34,7.46,-11.94,13.06,1.12,5.11,5.43,3.04,0.73,0.60,5,4,1.02,0.78,5.01,1.98,0.70
mn170703-40,Balaenopteridae,Rorqual,Megaptera_novaeangliae,19.4,1572,59020,181190,5.26,1561632.84,6.19,55.32368233,1.74,14,36000,12,199.49,148.38,11.87,-7.53,17.47,1.24,8.77,8.21,6.06,0.78,0.70,18,12.5,1.69,1.44,3.31,2.47,1.26
mn170808-42,Balaenopteridae,Rorqual,Megaptera_novaeangliae,19.4,1572,59020,181190,5.26,1561632.84,6.19,55.32368233,1.74,14,36000,15,68.33,29.97,3.41,-15.99,9.01,0.95,1.40,1.10,0.93,0.33,0.33,3,1,1.47,0.83,10.16,0.58,0.48
mn170809-41,Balaenopteridae,Rorqual,Megaptera_novaeangliae,19.4,1572,59020,181190,5.26,1561632.84,6.19,55.32368233,1.74,14,36000,13,163.77,42.20,3.66,-15.74,9.26,0.97,1.97,1.54,0.84,0.67,0.33,3,1,1.14,0.86,4.47,0.51,0.48
mn170809-43,Balaenopteridae,Rorqual,Megaptera_novaeangliae,19.4,1572,59020,181190,5.26,1561632.84,6.19,55.32368233,1.74,14,36000,10,149.60,42.40,2.97,-16.43,8.57,0.93,1.32,0.72,0.64,0.45,0.32,2,1,1.65,0.84,3.14,0.63,0.30
mn170810-40,Balaenopteridae,Rorqual,Megaptera_novaeangliae,19.4,1572,59020,181190,5.26,1561632.84,6.19,55.32368233,1.74,14,36000,12,104.21,45.46,3.79,-15.61,9.39,0.97,1.78,1.74,0.61,0.49,0.32,5,1,1.42,0.88,3.71,1.46,0.70
mn170810-41,Balaenopteridae,Rorqual,Megaptera_novaeangliae,19.4,1572,59020,181190,5.26,1561632.84,6.19,55.32368233,1.74,14,36000,4,42.49,21.49,1.55,-17.85,7.15,0.85,1.22,,,,,1,1,1.62,0.85,0.58,0.50,0.00
mn170815-10,Balaenopteridae,Rorqual,Megaptera_novaeangliae,19.4,1572,59020,181190,5.26,1561632.84,6.19,55.32368233,1.74,14,36000,20,165.03,31.66,8.90,-10.51,14.50,1.16,1.95,5.78,1.45,0.75,0.59,8,2,1.92,1.15,3.18,0.58,0.90
mn170817-30,Balaenopteridae,Rorqual,Megaptera_novaeangliae,19.4,1572,59020,181190,5.26,1561632.84,6.19,55.32368233,1.74,14,36000,16,139.65,125.68,6.78,-12.62,12.38,1.09,4.73,2.97,2.26,0.55,0.43,4,1.5,0.75,0.37,4.85,2.20,0.60
mn170817-43,Balaenopteridae,Rorqual,Megaptera_novaeangliae,19.4,1572,59020,181190,5.26,1561632.84,6.19,55.32368233,1.74,14,36000,25,186.17,142.70,8.31,-11.09,13.91,1.14,4.64,3.55,1.29,0.51,0.29,3,1,0.72,0.31,5.45,1.82,0.48
mn170817-50,Balaenopteridae,Rorqual,Megaptera_novaeangliae,19.4,1572,59020,181190,5.26,1561632.84,6.19,55.32368233,1.74,14,36000,67,152.91,128.21,6.72,-12.68,12.32,1.09,2.99,3.60,1.22,0.56,0.29,4,1,1.86,0.42,5.81,1.48,0.60
mn170908-44,Balaenopteridae,Rorqual,Megaptera_novaeangliae,19.4,1572,59020,181190,5.26,1561632.84,6.19,55.32368233,1.74,14,36000,285,173.38,29.97,9.12,-10.28,14.72,1.17,2.01,5.81,1.18,0.72,0.40,6,1,1.96,0.50,41.83,0.75,0.78
mn170912-42,Balaenopteridae,Rorqual,Megaptera_novaeangliae,19.4,1572,59020,181190,5.26,1561632.84,6.19,55.32368233,1.74,14,36000,169,213.22,23.88,7.88,-11.52,13.48,1.13,1.69,3.19,2.34,0.51,0.35,2,1,2.15,0.59,6.84,0.66,0.30
mn170912-43,Balaenopteridae,Rorqual,Megaptera_novaeangliae,19.4,1572,59020,181190,5.26,1561632.84,6.19,55.32368233,1.74,14,36000,176,116.05,17.61,6.44,-12.96,12.04,1.08,1.71,4.09,1.29,0.78,0.50,7,1,2.91,0.62,159.23,0.89,0.85